{"strategy":{"RLSentimentStrategy":{"trades":[{"pair":"SOL/USDT:USDT","stake_amount":199.8224,"max_stake_amount":199.8224,"amount":1.42,"open_date":"2025-11-28 00:05:00+00:00","close_date":"2025-11-30 23:50:00+00:00","open_rate":140.72,"close_rate":133.684,"fee_open":0.0005,"fee_close":0.0005,"trade_duration":4305,"profit_ratio":-0.05102758385878444,"profit_abs":-10.2015525,"exit_reason":"stop_loss","initial_stop_loss_abs":133.684,"initial_stop_loss_ratio":-0.05,"stop_loss_abs":133.684,"stop_loss_ratio":-0.05,"min_rate":133.63,"max_rate":143.56,"is_open":false,"enter_tag":"long_entry","leverage":1.0,"is_short":false,"open_timestamp":1764288300000,"close_timestamp":1764546600000,"orders":[{"amount":1.42,"safe_price":140.72,"ft_order_side":"buy","order_filled_timestamp":1764288300000,"ft_is_entry":true,"ft_order_tag":"long_entry","cost":199.92231119999997},{"amount":1.42,"safe_price":133.684,"ft_order_side":"sell","order_filled_timestamp":1764546600000,"ft_is_entry":false,"ft_order_tag":"stop_loss","cost":189.92619563999997}],"funding_fees":-0.01560566220517693,"weekday":6},{"pair":"DOGE/USDT:USDT","stake_amount":199.8667,"max_stake_amount":199.8667,"amount":1310.0,"open_date":"2025-11-28 00:05:00+00:00","close_date":"2025-12-01 00:05:00+00:00","open_rate":0.15257,"close_rate":0.14495,"fee_open":0.0005,"fee_close":0.0005,"trade_duration":4320,"profit_ratio":-0.05096553879647542,"profit_abs":-10.19140721,"exit_reason":"stop_loss","initial_stop_loss_abs":0.14495,"initial_stop_loss_ratio":-0.05,"stop_loss_abs":0.14495,"stop_loss_ratio":-0.05,"min_rate":0.1418,"max_rate":0.15548,"is_open":false,"enter_tag":"long_entry","leverage":1.0,"is_short":false,"open_timestamp":1764288300000,"close_timestamp":1764547500000,"orders":[{"amount":1310.0,"safe_price":0.15257,"ft_order_side":"buy","order_filled_timestamp":1764288300000,"ft_is_entry":true,"ft_order_tag":"long_entry","cost":199.96663335},{"amount":1310.0,"safe_price":0.14495,"ft_order_side":"sell","order_filled_timestamp":1764547500000,"ft_is_entry":false,"ft_order_tag":"stop_loss","cost":189.97944225}],"funding_fees":-0.014331605078011001,"weekday":0},{"pair":"ETH/USDT:USDT","stake_amount":198.78936,"max_stake_amount":198.78936,"amount":0.066,"open_date":"2025-11-28 00:05:00+00:00","close_date":"2025-12-01 00:30:00+00:00","open_rate":3011.96,"close_rate":2861.362,"fee_open":0.0005,"fee_close":0.0005,"trade_duration":4345,"profit_ratio":-0.051205150871328285,"profit_abs":-10.18412869,"exit_reason":"stop_loss","initial_stop_loss_abs":2861.362,"initial_stop_loss_ratio":-0.05,"stop_loss_abs":2861.362,"stop_loss_ratio":-0.05,"min_rate":2861.0,"max_rate":3099.0,"is_open":false,"enter_tag":"long_entry","leverage":1.0,"is_short":false,"open_timestamp":1764288300000,"close_timestamp":1764549000000,"orders":[{"amount":0.066,"safe_price":3011.96,"ft_order_side":"buy","order_filled_timestamp":1764288300000,"ft_is_entry":true,"ft_order_tag":"long_entry","cost":198.88875468},{"amount":0.066,"safe_price":2861.362,"ft_order_side":"sell","order_filled_timestamp":1764549000000,"ft_is_entry":false,"ft_order_tag":"stop_loss","cost":188.94431694600001}],"funding_fees":-0.05084106653410415,"weekday":0},{"pair":"BTC/USDT:USDT","stake_amount":182.3288,"max_stake_amount":182.3288,"amount":0.002,"open_date":"2025-11-28 00:05:00+00:00","close_date":"2025-12-01 02:35:00+00:00","open_rate":91164.4,"close_rate":86606.18,"fee_open":0.0005,"fee_close":0.0005,"trade_duration":4470,"profit_ratio":-0.05118678364351221,"profit_abs":-9.33749125,"exit_reason":"stop_loss","initial_stop_loss_abs":86606.18,"initial_stop_loss_ratio":-0.05,"stop_loss_abs":86606.18,"stop_loss_ratio":-0.05,"min_rate":86537.8,"max_rate":93080.0,"is_open":false,"enter_tag":"long_entry","leverage":1.0,"is_short":false,"open_timestamp":1764288300000,"close_timestamp":1764556500000,"orders":[{"amount":0.002,"safe_price":91164.4,"ft_order_side":"buy","order_filled_timestamp":1764288300000,"ft_is_entry":true,"ft_order_tag":"long_entry","cost":182.4199644},{"amount":0.002,"safe_price":86606.18,"ft_order_side":"sell","order_filled_timestamp":1764556500000,"ft_is_entry":false,"ft_order_tag":"stop_loss","cost":173.29896617999998}],"funding_fees":-0.043280665572948816,"weekday":0},{"pair":"SOL/USDT:USDT","stake_amount":199.2726,"max_stake_amount":199.2726,"amount":1.49,"open_date":"2025-11-30 23:55:00+00:00","close_date":"2025-12-01 03:00:00+00:00","open_rate":133.74,"close_rate":127.053,"fee_open":0.0005,"fee_close":0.0005,"trade_duration":185,"profit_ratio":-0.05104921828075016,"profit_abs":-10.17779681,"exit_reason":"stop_loss","initial_stop_loss_abs":127.053,"initial_stop_loss_ratio":-0.05,"stop_loss_abs":127.053,"stop_loss_ratio":-0.05,"min_rate":126.87,"max_rate":133.78,"is_open":false,"enter_tag":"long_entry","leverage":1.0,"is_short":false,"open_timestamp":1764546900000,"close_timestamp":1764558000000,"orders":[{"amount":1.49,"safe_price":133.74,"ft_order_side":"buy","order_filled_timestamp":1764546900000,"ft_is_entry":true,"ft_order_tag":"long_entry","cost":199.3722363},{"amount":1.49,"safe_price":127.053,"ft_order_side":"sell","order_filled_timestamp":1764558000000,"ft_is_entry":false,"ft_order_tag":"stop_loss","cost":189.40362448499997}],"funding_fees":-0.019876029124380003,"weekday":0},{"pair":"DOGE/USDT:USDT","stake_amount":199.89716,"max_stake_amount":199.89716,"amount":1402.0,"open_date":"2025-12-01 00:10:00+00:00","close_date":"2025-12-01 12:45:00+00:00","open_rate":0.14258,"close_rate":0.13546,"fee_open":0.0005,"fee_close":0.0005,"trade_duration":755,"profit_ratio":-0.0507974929344351,"profit_abs":-10.15935171,"exit_reason":"stop_loss","initial_stop_loss_abs":0.13546,"initial_stop_loss_ratio":-0.05,"stop_loss_abs":0.13546,"stop_loss_ratio":-0.05,"min_rate":0.13421,"max_rate":0.14346,"is_open":false,"enter_tag":"long_entry","leverage":1.0,"is_short":false,"open_timestamp":1764547800000,"close_timestamp":1764593100000,"orders":[{"amount":1402.0,"safe_price":0.14258,"ft_order_side":"buy","order_filled_timestamp":1764547800000,"ft_is_entry":true,"ft_order_tag":"long_entry","cost":199.99710858},{"amount":1402.0,"safe_price":0.13546,"ft_order_side":"sell","order_filled_timestamp":1764593100000,"ft_is_entry":false,"ft_order_tag":"stop_loss","cost":190.00987745999998}],"funding_fees":0.01779433420327,"weekday":0},{"pair":"ETH/USDT:USDT","stake_amount":198.2991,"max_stake_amount":198.2991,"amount":0.069,"open_date":"2025-12-01 00:35:00+00:00","close_date":"2025-12-01 15:30:00+00:00","open_rate":2873.9,"close_rate":2730.205,"fee_open":0.0005,"fee_close":0.0005,"trade_duration":895,"profit_ratio":-0.05102610427744069,"profit_abs":-10.12348977,"exit_reason":"stop_loss","initial_stop_loss_abs":2730.205,"initial_stop_loss_ratio":-0.05,"stop_loss_abs":2730.205,"stop_loss_ratio":-0.05,"min_rate":2727.75,"max_rate":2882.61,"is_open":false,"enter_tag":"long_entry","leverage":1.0,"is_short":false,"open_timestamp":1764549300000,"close_timestamp":1764603000000,"orders":[{"amount":0.069,"safe_price":2873.9,"ft_order_side":"buy","order_filled_timestamp":1764549300000,"ft_is_entry":true,"ft_order_tag":"long_entry","cost":198.39824955},{"amount":0.069,"safe_price":2730.205,"ft_order_side":"sell","order_filled_timestamp":1764603000000,"ft_is_entry":false,"ft_order_tag":"stop_loss","cost":188.4783370725}],"funding_fees":-0.015193145119845979,"weekday":0},{"pair":"ETH/USDT:USDT","stake_amount":197.45856,"max_stake_amount":197.45856,"amount":0.072,"open_date":"2025-12-01 15:35:00+00:00","close_date":"2025-12-02 14:40:00+00:00","open_rate":2742.48,"close_rate":2882.4164482241117,"fee_open":0.0005,"fee_close":0.0005,"trade_duration":1385,"profit_ratio":0.049872778300959694,"profit_abs":9.85273089,"exit_reason":"roi","initial_stop_loss_abs":2605.3559999999998,"initial_stop_loss_ratio":-0.05,"stop_loss_abs":2605.3559999999998,"stop_loss_ratio":-0.05,"min_rate":2718.07,"max_rate":2888.0,"is_open":false,"enter_tag":"long_entry","leverage":1.0,"is_short":false,"open_timestamp":1764603300000,"close_timestamp":1764686400000,"orders":[{"amount":0.072,"safe_price":2742.48,"ft_order_side":"buy","order_filled_timestamp":1764603300000,"ft_is_entry":true,"ft_order_tag":"long_entry","cost":197.55728927999996},{"amount":0.072,"safe_price":2882.4164482241117,"ft_order_side":"sell","order_filled_timestamp":1764686400000,"ft_is_entry":false,"ft_order_tag":"roi","cost":207.63775126427208}],"funding_fees":-0.02019710614315615,"weekday":1},{"pair":"DOGE/USDT:USDT","stake_amount":199.91158,"max_stake_amount":199.91158,"amount":1486.0,"open_date":"2025-12-01 12:50:00+00:00","close_date":"2025-12-02 14:55:00+00:00","open_rate":0.13453,"close_rate":0.14139446223111554,"fee_open":0.0005,"fee_close":0.0005,"trade_duration":1565,"profit_ratio":0.050197610254548004,"profit_abs":10.04010112,"exit_reason":"roi","initial_stop_loss_abs":0.12781,"initial_stop_loss_ratio":-0.05,"stop_loss_abs":0.12781,"stop_loss_ratio":-0.05,"min_rate":0.13165,"max_rate":0.14171,"is_open":false,"enter_tag":"long_entry","leverage":1.0,"is_short":false,"open_timestamp":1764593400000,"close_timestamp":1764687300000,"orders":[{"amount":1486.0,"safe_price":0.13453,"ft_order_side":"buy","order_filled_timestamp":1764593400000,"ft_is_entry":true,"ft_order_tag":"long_entry","cost":200.01153579},{"amount":1486.0,"safe_price":0.14139446223111554,"ft_order_side":"sell","order_filled_timestamp":1764687300000,"ft_is_entry":false,"ft_order_tag":"roi","cost":210.2172269608754}],"funding_fees":0.04452212341584479,"weekday":1},{"pair":"SOL/USDT:USDT","stake_amount":199.6726,"max_stake_amount":199.6726,"amount":1.57,"open_date":"2025-12-01 03:05:00+00:00","close_date":"2025-12-02 15:00:00+00:00","open_rate":127.18,"close_rate":133.66942471235618,"fee_open":0.0005,"fee_close":0.0005,"trade_duration":2155,"profit_ratio":0.05010539564611597,"profit_abs":10.00967696,"exit_reason":"roi","initial_stop_loss_abs":120.821,"initial_stop_loss_ratio":-0.05,"stop_loss_abs":120.821,"stop_loss_ratio":-0.05,"min_rate":123.05,"max_rate":134.25,"is_open":false,"enter_tag":"long_entry","leverage":1.0,"is_short":false,"open_timestamp":1764558300000,"close_timestamp":1764687600000,"orders":[{"amount":1.57,"safe_price":127.18,"ft_order_side":"buy","order_filled_timestamp":1764558300000,"ft_is_entry":true,"ft_order_tag":"long_entry","cost":199.7724363},{"amount":1.57,"safe_price":133.66942471235618,"ft_order_side":"sell","order_filled_timestamp":1764687600000,"ft_is_entry":false,"ft_order_tag":"roi","cost":209.9659272967984}],"funding_fees":0.026046957215660256,"weekday":1},{"pair":"SOL/USDT:USDT","stake_amount":199.4067,"max_stake_amount":199.4067,"amount":1.49,"open_date":"2025-12-02 15:05:00+00:00","close_date":"2025-12-02 15:40:00+00:00","open_rate":133.83,"close_rate":140.65874437218608,"fee_open":0.0005,"fee_close":0.0005,"trade_duration":35,"profit_ratio":0.04997501249375313,"profit_abs":9.970335,"exit_reason":"roi","initial_stop_loss_abs":127.13850000000001,"initial_stop_loss_ratio":-0.05,"stop_loss_abs":127.13850000000001,"stop_loss_ratio":-0.05,"min_rate":133.55,"max_rate":141.5,"is_open":false,"enter_tag":"long_entry","leverage":1.0,"is_short":false,"open_timestamp":1764687900000,"close_timestamp":1764690000000,"orders":[{"amount":1.49,"safe_price":133.83,"ft_order_side":"buy","order_filled_timestamp":1764687900000,"ft_is_entry":true,"ft_order_tag":"long_entry","cost":199.50640335000003},{"amount":1.49,"safe_price":140.65874437218608,"ft_order_side":"sell","order_filled_timestamp":1764690000000,"ft_is_entry":false,"ft_order_tag":"roi","cost":209.6863198791145}],"funding_fees":0.0,"weekday":1},{"pair":"BTC/USDT:USDT","stake_amount":173.2922,"max_stake_amount":173.2922,"amount":0.002,"open_date":"2025-12-01 02:40:00+00:00","close_date":"2025-12-02 15:50:00+00:00","open_rate":86646.1,"close_rate":91067.26168084043,"fee_open":0.0005,"fee_close":0.0005,"trade_duration":2230,"profit_ratio":0.04991251657661136,"profit_abs":8.65377453,"exit_reason":"roi","initial_stop_loss_abs":82313.795,"initial_stop_loss_ratio":-0.05,"stop_loss_abs":82313.795,"stop_loss_ratio":-0.05,"min_rate":83786.0,"max_rate":91211.3,"is_open":false,"enter_tag":"long_entry","leverage":1.0,"is_short":false,"open_timestamp":1764556800000,"close_timestamp":1764690600000,"orders":[{"amount":0.002,"safe_price":86646.1,"ft_order_side":"buy","order_filled_timestamp":1764556800000,"ft_is_entry":true,"ft_order_tag":"long_entry","cost":173.3788461},{"amount":0.002,"safe_price":91067.26168084043,"ft_order_side":"sell","order_filled_timestamp":1764690600000,"ft_is_entry":false,"ft_order_tag":"roi","cost":182.22559062336168}],"funding_fees":-0.010835469291049922,"weekday":1},{"pair":"ETH/USDT:USDT","stake_amount":199.13331,"max_stake_amount":199.13331,"amount":0.069,"open_date":"2025-12-02 14:45:00+00:00","close_date":"2025-12-02 17:25:00+00:00","open_rate":2885.99,"close_rate":3033.2491195597795,"fee_open":0.0005,"fee_close":0.0005,"trade_duration":160,"profit_ratio":0.04993184607391122,"profit_abs":9.94806533,"exit_reason":"roi","initial_stop_loss_abs":2741.6904999999997,"initial_stop_loss_ratio":-0.05,"stop_loss_abs":2741.6904999999997,"stop_loss_ratio":-0.05,"min_rate":2882.29,"max_rate":3034.94,"is_open":false,"enter_tag":"long_entry","leverage":1.0,"is_short":false,"open_timestamp":1764686700000,"close_timestamp":1764696300000,"orders":[{"amount":0.069,"safe_price":2885.99,"ft_order_side":"buy","order_filled_timestamp":1764686700000,"ft_is_entry":true,"ft_order_tag":"long_entry","cost":199.23287665499998},{"amount":0.069,"safe_price":3033.2491195597795,"ft_order_side":"sell","order_filled_timestamp":1764696300000,"ft_is_entry":false,"ft_order_tag":"roi","cost":209.3988363442496}],"funding_fees":-0.008600170936500002,"weekday":1},{"pair":"DOGE/USDT:USDT","stake_amount":199.91048,"max_stake_amount":199.91048,"amount":1411.0,"open_date":"2025-12-02 15:00:00+00:00","close_date":"2025-12-03 04:50:00+00:00","open_rate":0.14168,"close_rate":0.14890929464732364,"fee_open":0.0005,"fee_close":0.0005,"trade_duration":830,"profit_ratio":0.04987935953456106,"profit_abs":9.97639241,"exit_reason":"roi","initial_stop_loss_abs":0.1346,"initial_stop_loss_ratio":-0.05,"stop_loss_abs":0.1346,"stop_loss_ratio":-0.05,"min_rate":0.14164,"max_rate":0.14902,"is_open":false,"enter_tag":"long_entry","leverage":1.0,"is_short":false,"open_timestamp":1764687600000,"close_timestamp":1764737400000,"orders":[{"amount":1411.0,"safe_price":0.14168,"ft_order_side":"buy","order_filled_timestamp":1764687600000,"ft_is_entry":true,"ft_order_tag":"long_entry","cost":200.01043524},{"amount":1411.0,"safe_price":0.14890929464732364,"ft_order_side":"sell","order_filled_timestamp":1764737400000,"ft_is_entry":false,"ft_order_tag":"roi","cost":210.2160702547473}],"funding_fees":-0.019131592199803,"weekday":2},{"pair":"SOL/USDT:USDT","stake_amount":199.368,"max_stake_amount":199.368,"amount":1.44,"open_date":"2025-12-02 15:45:00+00:00","close_date":"2025-12-03 21:55:00+00:00","open_rate":138.45,"close_rate":145.5144822411205,"fee_open":0.0005,"fee_close":0.0005,"trade_duration":1810,"profit_ratio":0.049694215830971396,"profit_abs":9.91239014,"exit_reason":"roi","initial_stop_loss_abs":131.52749999999997,"initial_stop_loss_ratio":-0.05,"stop_loss_abs":131.52749999999997,"stop_loss_ratio":-0.05,"min_rate":137.32,"max_rate":146.04,"is_open":false,"enter_tag":"long_entry","leverage":1.0,"is_short":false,"open_timestamp":1764690300000,"close_timestamp":1764798900000,"orders":[{"amount":1.44,"safe_price":138.45,"ft_order_side":"buy","order_filled_timestamp":1764690300000,"ft_is_entry":true,"ft_order_tag":"long_entry","cost":199.46768399999996},{"amount":1.44,"safe_price":145.5144822411205,"ft_order_side":"sell","order_filled_timestamp":1764798900000,"ft_is_entry":false,"ft_order_tag":"roi","cost":209.64562485442713}],"funding_fees":-0.05600986100982691,"weekday":2},{"pair":"ETH/USDT:USDT","stake_amount":199.65066,"max_stake_amount":199.65066,"amount":0.066,"open_date":"2025-12-02 17:30:00+00:00","close_date":"2025-12-03 22:45:00+00:00","open_rate":3025.01,"close_rate":3179.3626863431714,"fee_open":0.0005,"fee_close":0.0005,"trade_duration":1755,"profit_ratio":0.04986623193202331,"profit_abs":9.96080403,"exit_reason":"roi","initial_stop_loss_abs":2873.7595,"initial_stop_loss_ratio":-0.05,"stop_loss_abs":2873.7595,"stop_loss_ratio":-0.05,"min_rate":2970.04,"max_rate":3198.0,"is_open":false,"enter_tag":"long_entry","leverage":1.0,"is_short":false,"open_timestamp":1764696600000,"close_timestamp":1764801900000,"orders":[{"amount":0.066,"safe_price":3025.01,"ft_order_side":"buy","order_filled_timestamp":1764696600000,"ft_is_entry":true,"ft_order_tag":"long_entry","cost":199.75048533},{"amount":0.066,"safe_price":3179.3626863431714,"ft_order_side":"sell","order_filled_timestamp":1764801900000,"ft_is_entry":false,"ft_order_tag":"roi","cost":209.94285626729862}],"funding_fees":-0.021728968232400003,"weekday":2},{"pair":"BTC/USDT:USDT","stake_amount":181.9192,"max_stake_amount":181.9192,"amount":0.002,"open_date":"2025-12-02 15:55:00+00:00","close_date":"2025-12-04 00:00:00+00:00","open_rate":90959.6,"close_rate":93376.8,"fee_open":0.0005,"fee_close":0.0005,"trade_duration":1925,"profit_ratio":0.025491844082751958,"profit_abs":4.63977461,"exit_reason":"force_exit","initial_stop_loss_abs":86411.62,"initial_stop_loss_ratio":-0.05,"stop_loss_abs":86411.62,"stop_loss_ratio":-0.05,"min_rate":90156.4,"max_rate":94185.0,"is_open":false,"enter_tag":"long_entry","leverage":1.0,"is_short":false,"open_timestamp":1764690900000,"close_timestamp":1764806400000,"orders":[{"amount":0.002,"safe_price":90959.6,"ft_order_side":"buy","order_filled_timestamp":1764690900000,"ft_is_entry":true,"ft_order_tag":"long_entry","cost":182.0101596},{"amount":0.002,"safe_price":93376.8,"ft_order_side":"sell","order_filled_timestamp":1764806400000,"ft_is_entry":false,"ft_order_tag":"force_exit","cost":186.8469768}],"funding_fees":-0.010288993870488466,"weekday":3},{"pair":"ETH/USDT:USDT","stake_amount":197.46628,"max_stake_amount":197.46628,"amount":0.062,"open_date":"2025-12-03 22:50:00+00:00","close_date":"2025-12-04 00:00:00+00:00","open_rate":3184.94,"close_rate":3187.08,"fee_open":0.0005,"fee_close":0.0005,"trade_duration":70,"profit_ratio":-0.0003282596395447996,"profit_abs":-0.06485262,"exit_reason":"force_exit","initial_stop_loss_abs":3025.6929999999998,"initial_stop_loss_ratio":-0.05,"stop_loss_abs":3025.6929999999998,"stop_loss_ratio":-0.05,"min_rate":3176.69,"max_rate":3216.53,"is_open":false,"enter_tag":"long_entry","leverage":1.0,"is_short":false,"open_timestamp":1764802200000,"close_timestamp":1764806400000,"orders":[{"amount":0.062,"safe_price":3184.94,"ft_order_side":"buy","order_filled_timestamp":1764802200000,"ft_is_entry":true,"ft_order_tag":"long_entry","cost":197.56501314},{"amount":0.062,"safe_price":3187.08,"ft_order_side":"sell","order_filled_timestamp":1764806400000,"ft_is_entry":false,"ft_order_tag":"force_exit","cost":197.69775948}],"funding_fees":0.0,"weekday":3},{"pair":"SOL/USDT:USDT","stake_amount":199.2665,"max_stake_amount":199.2665,"amount":1.37,"open_date":"2025-12-03 22:00:00+00:00","close_date":"2025-12-04 00:00:00+00:00","open_rate":145.45,"close_rate":144.62,"fee_open":0.0005,"fee_close":0.0005,"trade_duration":120,"profit_ratio":-0.00670022499922263,"profit_abs":-1.33579795,"exit_reason":"force_exit","initial_stop_loss_abs":138.17749999999998,"initial_stop_loss_ratio":-0.05,"stop_loss_abs":138.17749999999998,"stop_loss_ratio":-0.05,"min_rate":142.92,"max_rate":145.88,"is_open":false,"enter_tag":"long_entry","leverage":1.0,"is_short":false,"open_timestamp":1764799200000,"close_timestamp":1764806400000,"orders":[{"amount":1.37,"safe_price":145.45,"ft_order_side":"buy","order_filled_timestamp":1764799200000,"ft_is_entry":true,"ft_order_tag":"long_entry","cost":199.36613325},{"amount":1.37,"safe_price":144.62,"ft_order_side":"sell","order_filled_timestamp":1764806400000,"ft_is_entry":false,"ft_order_tag":"force_exit","cost":198.22846470000002}],"funding_fees":0.0,"weekday":3},{"pair":"DOGE/USDT:USDT","stake_amount":199.94458,"max_stake_amount":199.94458,"amount":1342.0,"open_date":"2025-12-03 04:55:00+00:00","close_date":"2025-12-04 00:00:00+00:00","open_rate":0.14899,"close_rate":0.1516,"fee_open":0.0005,"fee_close":0.0005,"trade_duration":1145,"profit_ratio":0.016370178905210316,"profit_abs":3.27476511,"exit_reason":"force_exit","initial_stop_loss_abs":0.14155,"initial_stop_loss_ratio":-0.05,"stop_loss_abs":0.14155,"stop_loss_ratio":-0.05,"min_rate":0.14641,"max_rate":0.15337,"is_open":false,"enter_tag":"long_entry","leverage":1.0,"is_short":false,"open_timestamp":1764737700000,"close_timestamp":1764806400000,"orders":[{"amount":1342.0,"safe_price":0.14899,"ft_order_side":"buy","order_filled_timestamp":1764737700000,"ft_is_entry":true,"ft_order_tag":"long_entry","cost":200.04455228999998},{"amount":1342.0,"safe_price":0.1516,"ft_order_side":"sell","order_filled_timestamp":1764806400000,"ft_is_entry":false,"ft_order_tag":"force_exit","cost":203.5489236}],"funding_fees":-0.026159003363895598,"weekday":3}],"locks":[],"best_pair":{"key":"ETH/USDT:USDT","trades":6,"profit_mean":0.007851890253096742,"profit_mean_pct":0.79,"profit_total_abs":9.38912917,"profit_total":0.00938912917,"profit_total_pct":0.94,"duration_avg":"23:55:00","wins":3,"draws":0,"losses":3,"winrate":0.5,"cagr":0.7656295057392228,"expectancy":1.5648548616666664,"expectancy_ratio":0.23043667930930245,"sortino":6.286003450272549,"sharpe":3.319202576754133,"calmar":147.21819898813783,"sqn":0.3885,"profit_factor":1.4608733586186051,"max_drawdown_account":0.020307618459999958,"max_drawdown_abs":20.30761846},"worst_pair":{"key":"XRP/USDT:USDT","trades":0,"profit_mean":0.0,"profit_mean_pct":0.0,"profit_total_abs":0.0,"profit_total":0.0,"profit_total_pct":0.0,"duration_avg":"0:00","wins":0,"draws":0,"losses":0,"winrate":0.0,"cagr":0.0,"expectancy":0.0,"expectancy_ratio":100.0,"sortino":0,"sharpe":0,"calmar":0,"sqn":0.0,"profit_factor":0.0,"max_drawdown_account":0.0,"max_drawdown_abs":0.0},"results_per_pair":[{"key":"ETH/USDT:USDT","trades":6,"profit_mean":0.007851890253096742,"profit_mean_pct":0.79,"profit_total_abs":9.38912917,"profit_total":0.00938912917,"profit_total_pct":0.94,"duration_avg":"23:55:00","wins":3,"draws":0,"losses":3,"winrate":0.5,"cagr":0.7656295057392228,"expectancy":1.5648548616666664,"expectancy_ratio":0.23043667930930245,"sortino":6.286003450272549,"sharpe":3.319202576754133,"calmar":147.21819898813783,"sqn":0.3885,"profit_factor":1.4608733586186051,"max_drawdown_account":0.020307618459999958,"max_drawdown_abs":20.30761846},{"key":"SOL/USDT:USDT","trades":6,"profit_mean":0.00683293280534721,"profit_mean_pct":0.68,"profit_total_abs":8.177254839999998,"profit_total":0.008177254839999998,"profit_total_pct":0.82,"duration_avg":"23:55:00","wins":3,"draws":0,"losses":3,"winrate":0.5,"cagr":0.6411985584827564,"expectancy":1.3628758066666657,"expectancy_ratio":0.188284581773543,"sortino":6.238415960348791,"sharpe":2.8633164823897257,"calmar":127.76514760372446,"sqn":0.3351,"profit_factor":1.376569163547086,"max_drawdown_account":0.02037934930999995,"max_drawdown_abs":20.379349310000002},{"key":"BTC/USDT:USDT","trades":3,"profit_mean":0.00807252567195037,"profit_mean_pct":0.81,"profit_total_abs":3.9560578900000003,"profit_total":0.003956057890000001,"profit_total_pct":0.4,"duration_avg":"1 day, 23:55:00","wins":2,"draws":0,"losses":1,"winrate":0.6666666666666666,"cagr":0.27148487098476326,"expectancy":1.318685963333333,"expectancy_ratio":0.14122486736823792,"sortino":-100,"sharpe":1.6335653823924041,"calmar":134.90486513242806,"sqn":0.2418,"profit_factor":1.4236746021047142,"max_drawdown_account":0.00933749124999997,"max_drawdown_abs":9.33749125},{"key":"DOGE/USDT:USDT","trades":5,"profit_mean":0.002936823392681773,"profit_mean_pct":0.29,"profit_total_abs":2.940499720000003,"profit_total":0.0029404997200000033,"profit_total_pct":0.29,"duration_avg":"1 day, 4:43:00","wins":3,"draws":0,"losses":2,"winrate":0.6,"cagr":0.1955638500911021,"expectancy":0.5880999440000005,"expectancy_ratio":0.05779636487384621,"sortino":584.1760724404949,"sharpe":1.0259917487320742,"calmar":46.008250020871735,"sqn":0.1289,"profit_factor":1.1444909121846156,"max_drawdown_account":0.020350758919999976,"max_drawdown_abs":20.350758919999997},{"key":"XRP/USDT:USDT","trades":0,"profit_mean":0.0,"profit_mean_pct":0.0,"profit_total_abs":0.0,"profit_total":0.0,"profit_total_pct":0.0,"duration_avg":"0:00","wins":0,"draws":0,"losses":0,"winrate":0.0,"cagr":0.0,"expectancy":0.0,"expectancy_ratio":100.0,"sortino":0,"sharpe":0,"calmar":0,"sqn":0.0,"profit_factor":0.0,"max_drawdown_account":0.0,"max_drawdown_abs":0.0},{"key":"TOTAL","trades":20,"profit_mean":0.006350531616496184,"profit_mean_pct":0.64,"profit_total_abs":24.462941620000006,"profit_total":0.024462941620000005,"profit_total_pct":2.45,"duration_avg":"1 day, 4:43:00","wins":11,"draws":0,"losses":9,"winrate":0.55,"cagr":3.3503286011159776,"expectancy":1.2231470810000014,"expectancy_ratio":0.15337081887718695,"sortino":19.92876715195272,"sharpe":8.762149930091256,"calmar":110.6838119774323,"sqn":0.5997,"profit_factor":1.3408240419493045,"max_drawdown_account":0.07037521793999997,"max_drawdown_abs":70.37521794}],"results_per_enter_tag":[{"key":"long_entry","trades":20,"profit_mean":0.006350531616496184,"profit_mean_pct":0.64,"profit_total_abs":24.462941620000006,"profit_total":0.024462941620000005,"profit_total_pct":2.45,"duration_avg":"1 day, 4:43:00","wins":11,"draws":0,"losses":9,"winrate":0.55,"cagr":3.3503286011159776,"expectancy":1.2231470810000014,"expectancy_ratio":0.15337081887718695,"sortino":19.92876715195272,"sharpe":8.762149930091256,"calmar":110.6838119774323,"sqn":0.5997,"profit_factor":1.3408240419493045,"max_drawdown_account":0.07037521793999997,"max_drawdown_abs":70.37521794},{"key":"TOTAL","trades":20,"profit_mean":0.006350531616496184,"profit_mean_pct":0.64,"profit_total_abs":24.462941620000006,"profit_total":0.024462941620000005,"profit_total_pct":2.45,"duration_avg":"1 day, 4:43:00","wins":11,"draws":0,"losses":9,"winrate":0.55,"cagr":3.3503286011159776,"expectancy":1.2231470810000014,"expectancy_ratio":0.15337081887718695,"sortino":19.92876715195272,"sharpe":8.762149930091256,"calmar":110.6838119774323,"sqn":0.5997,"profit_factor":1.3408240419493045,"max_drawdown_account":0.07037521793999997,"max_drawdown_abs":70.37521794}],"exit_reason_summary":[{"key":"roi","trades":9,"profit_mean":0.04993721851593946,"profit_mean_pct":4.99,"profit_total_abs":88.32427041000001,"profit_total":0.08832427041000002,"profit_total_pct":8.83,"duration_avg":"22:05:00","wins":9,"draws":0,"losses":0,"winrate":1.0,"cagr":171.23872030071084,"expectancy":9.813807823333335,"expectancy_ratio":100.0,"sortino":-100,"sharpe":680.5378377569767,"calmar":-100,"sqn":67.1676,"profit_factor":0.0,"max_drawdown_account":0.0,"max_drawdown_abs":0.0},{"key":"force_exit","trades":4,"profit_mean":0.008708384587298711,"profit_mean_pct":0.87,"profit_total_abs":6.513889150000001,"profit_total":0.00651388915,"profit_total_pct":0.65,"duration_avg":"13:35:00","wins":2,"draws":0,"losses":2,"winrate":0.5,"cagr":0.4843494051457229,"expectancy":1.6284722875000002,"expectancy_ratio":2.3253084279257465,"sortino":32.63913732431366,"sharpe":8.56952037020134,"calmar":1487.7025638986129,"sqn":1.1654,"profit_factor":5.650616855851493,"max_drawdown_account":0.0013941818803100542,"max_drawdown_abs":1.4006505699999998},{"key":"stop_loss","trades":7,"profit_mean":-0.05103683895181804,"profit_mean_pct":-5.1,"profit_total_abs":-70.37521794,"profit_total":-0.07037521794,"profit_total_pct":-7.04,"duration_avg":"1 day, 21:54:00","wins":0,"draws":0,"losses":7,"winrate":0.0,"cagr":-0.9881953992075646,"expectancy":-10.053602562857142,"expectancy_ratio":-1.0,"sortino":-763.9857338656899,"sharpe":-763.9857338656899,"calmar":-318.41621957571346,"sqn":-83.9591,"profit_factor":0.0,"max_drawdown_account":0.07037521793999997,"max_drawdown_abs":70.37521794},{"key":"TOTAL","trades":20,"profit_mean":0.006350531616496184,"profit_mean_pct":0.64,"profit_total_abs":24.462941620000006,"profit_total":0.024462941620000005,"profit_total_pct":2.45,"duration_avg":"1 day, 4:43:00","wins":11,"draws":0,"losses":9,"winrate":0.55,"cagr":3.3503286011159776,"expectancy":1.2231470810000014,"expectancy_ratio":0.15337081887718695,"sortino":19.92876715195272,"sharpe":8.762149930091256,"calmar":110.6838119774323,"sqn":0.5997,"profit_factor":1.3408240419493045,"max_drawdown_account":0.07037521793999997,"max_drawdown_abs":70.37521794}],"mix_tag_stats":[{"key":["long_entry","roi"],"trades":9,"profit_mean":0.04993721851593946,"profit_mean_pct":4.99,"profit_total_abs":88.32427041000001,"profit_total":0.08832427041000002,"profit_total_pct":8.83,"duration_avg":"22:05:00","wins":9,"draws":0,"losses":0,"winrate":1.0,"cagr":171.23872030071084,"expectancy":9.813807823333335,"expectancy_ratio":100.0,"sortino":-100,"sharpe":680.5378377569767,"calmar":-100,"sqn":67.1676,"profit_factor":0.0,"max_drawdown_account":0.0,"max_drawdown_abs":0.0},{"key":["long_entry","force_exit"],"trades":4,"profit_mean":0.008708384587298711,"profit_mean_pct":0.87,"profit_total_abs":6.513889150000001,"profit_total":0.00651388915,"profit_total_pct":0.65,"duration_avg":"13:35:00","wins":2,"draws":0,"losses":2,"winrate":0.5,"cagr":0.4843494051457229,"expectancy":1.6284722875000002,"expectancy_ratio":2.3253084279257465,"sortino":32.63913732431366,"sharpe":8.56952037020134,"calmar":1487.7025638986129,"sqn":1.1654,"profit_factor":5.650616855851493,"max_drawdown_account":0.0013941818803100542,"max_drawdown_abs":1.4006505699999998},{"key":["long_entry","stop_loss"],"trades":7,"profit_mean":-0.05103683895181804,"profit_mean_pct":-5.1,"profit_total_abs":-70.37521794,"profit_total":-0.07037521794,"profit_total_pct":-7.04,"duration_avg":"1 day, 21:54:00","wins":0,"draws":0,"losses":7,"winrate":0.0,"cagr":-0.9881953992075646,"expectancy":-10.053602562857142,"expectancy_ratio":-1.0,"sortino":-763.9857338656899,"sharpe":-763.9857338656899,"calmar":-318.41621957571346,"sqn":-83.9591,"profit_factor":0.0,"max_drawdown_account":0.07037521793999997,"max_drawdown_abs":70.37521794},{"key":"TOTAL","trades":20,"profit_mean":0.006350531616496184,"profit_mean_pct":0.64,"profit_total_abs":24.462941620000006,"profit_total":0.024462941620000005,"profit_total_pct":2.45,"duration_avg":"1 day, 4:43:00","wins":11,"draws":0,"losses":9,"winrate":0.55,"cagr":3.3503286011159776,"expectancy":1.2231470810000014,"expectancy_ratio":0.15337081887718695,"sortino":19.92876715195272,"sharpe":8.762149930091256,"calmar":110.6838119774323,"sqn":0.5997,"profit_factor":1.3408240419493045,"max_drawdown_account":0.07037521793999997,"max_drawdown_abs":70.37521794}],"left_open_trades":[{"key":"BTC/USDT:USDT","trades":1,"profit_mean":0.025491844082751958,"profit_mean_pct":2.55,"profit_total_abs":4.63977461,"profit_total":0.00463977461,"profit_total_pct":0.46,"duration_avg":"1 day, 8:05:00","wins":1,"draws":0,"losses":0,"winrate":1.0,"cagr":0.3252487514649718,"expectancy":4.63977461,"expectancy_ratio":100.0,"sortino":-100,"sharpe":-100,"calmar":-100,"sqn":-100.0,"profit_factor":0.0,"max_drawdown_account":0.0,"max_drawdown_abs":0.0},{"key":"DOGE/USDT:USDT","trades":1,"profit_mean":0.016370178905210316,"profit_mean_pct":1.64,"profit_total_abs":3.27476511,"profit_total":0.0032747651100000002,"profit_total_pct":0.33,"duration_avg":"19:05:00","wins":1,"draws":0,"losses":0,"winrate":1.0,"cagr":0.22004701751330735,"expectancy":3.27476511,"expectancy_ratio":100.0,"sortino":-100,"sharpe":-100,"calmar":-100,"sqn":-100.0,"profit_factor":0.0,"max_drawdown_account":0.0,"max_drawdown_abs":0.0},{"key":"ETH/USDT:USDT","trades":1,"profit_mean":-0.0003282596395447996,"profit_mean_pct":-0.03,"profit_total_abs":-0.06485262,"profit_total":-6.485262e-05,"profit_total_pct":-0.01,"duration_avg":"1:10:00","wins":0,"draws":0,"losses":1,"winrate":0.0,"cagr":-0.0039375563986099316,"expectancy":-0.06485262,"expectancy_ratio":-1.0,"sortino":-100,"sharpe":-100,"calmar":-318.41621957566144,"sqn":-100.0,"profit_factor":0.0,"max_drawdown_account":6.485262000001057e-05,"max_drawdown_abs":0.06485262},{"key":"SOL/USDT:USDT","trades":1,"profit_mean":-0.00670022499922263,"profit_mean_pct":-0.67,"profit_total_abs":-1.33579795,"profit_total":-0.00133579795,"profit_total_pct":-0.13,"duration_avg":"2:00:00","wins":0,"draws":0,"losses":1,"winrate":0.0,"cagr":-0.0780970898601665,"expectancy":-1.33579795,"expectancy_ratio":-1.0,"sortino":-100,"sharpe":-100,"calmar":-318.4162195757066,"sqn":-100.0,"profit_factor":0.0,"max_drawdown_account":0.0013357979500000284,"max_drawdown_abs":1.33579795},{"key":"TOTAL","trades":4,"profit_mean":0.008708384587298711,"profit_mean_pct":0.87,"profit_total_abs":6.513889150000001,"profit_total":0.00651388915,"profit_total_pct":0.65,"duration_avg":"13:35:00","wins":2,"draws":0,"losses":2,"winrate":0.5,"cagr":0.4843494051457229,"expectancy":1.6284722875000002,"expectancy_ratio":2.3253084279257465,"sortino":32.63913732431366,"sharpe":8.56952037020134,"calmar":1487.7025638986129,"sqn":1.1654,"profit_factor":5.650616855851493,"max_drawdown_account":0.0013941818803100542,"max_drawdown_abs":1.4006505699999998}],"total_trades":20,"trade_count_long":20,"trade_count_short":0,"total_volume":7881.938196743645,"avg_stake_amount":196.2338385,"profit_mean":0.006350531616496184,"profit_median":0.020931011493981137,"profit_total":0.024462941620000005,"profit_total_long":0.024462941620000005,"profit_total_short":0.0,"profit_total_abs":24.462941620000006,"profit_total_long_abs":24.462941620000006,"profit_total_short_abs":0.0,"cagr":3.3503286011159776,"expectancy":1.2231470810000014,"expectancy_ratio":0.15337081887718695,"sortino":19.92876715195272,"sharpe":8.762149930091256,"calmar":110.6838119774323,"sqn":0.5997,"profit_factor":1.3408240419493045,"backtest_start":"2025-11-28 00:00:00","backtest_start_ts":1764288000000,"backtest_end":"2025-12-04 00:00:00","backtest_end_ts":1764806400000,"backtest_days":6,"backtest_run_start_ts":1764876476,"backtest_run_end_ts":1764878130,"trades_per_day":3.33,"market_change":0.021482948007584685,"pairlist":["BTC/USDT:USDT","ETH/USDT:USDT","SOL/USDT:USDT","XRP/USDT:USDT","DOGE/USDT:USDT"],"stake_amount":200,"stake_currency":"USDT","stake_currency_decimals":3,"starting_balance":1000,"dry_run_wallet":1000,"final_balance":1024.46294162,"rejected_signals":0,"timedout_entry_orders":0,"timedout_exit_orders":0,"canceled_trade_entries":0,"canceled_entry_orders":0,"replaced_entry_orders":0,"max_open_trades":5,"max_open_trades_setting":5,"timeframe":"5m","timeframe_detail":"","timerange":"20251128-20251204","enable_protections":false,"strategy_name":"RLSentimentStrategy","freqaimodel":"ExtendedMDPLearner","freqai_identifier":"auto_exp_2","stoploss":-0.05,"trailing_stop":false,"trailing_stop_positive":null,"trailing_stop_positive_offset":0.0,"trailing_only_offset_is_reached":false,"use_custom_stoploss":false,"minimal_roi":{"0":0.1,"20":0.05},"use_exit_signal":true,"exit_profit_only":false,"exit_profit_offset":0.0,"ignore_roi_if_entry_signal":false,"trading_mode":"futures","margin_mode":"isolated","periodic_breakdown":{"day":[{"date":"30/11/2025","date_ts":1764460800000,"profit_abs":-10.2015525,"wins":0,"draws":0,"losses":1,"trades":1,"profit_factor":0.0},{"date":"01/12/2025","date_ts":1764547200000,"profit_abs":-60.17366544,"wins":0,"draws":0,"losses":6,"trades":6,"profit_factor":0.0},{"date":"02/12/2025","date_ts":1764633600000,"profit_abs":58.47468383,"wins":6,"draws":0,"losses":0,"trades":6,"profit_factor":0.0},{"date":"03/12/2025","date_ts":1764720000000,"profit_abs":29.84958658,"wins":3,"draws":0,"losses":0,"trades":3,"profit_factor":0.0},{"date":"04/12/2025","date_ts":1764806400000,"profit_abs":6.51388915,"wins":2,"draws":0,"losses":2,"trades":4,"profit_factor":5.65061686}],"week":[{"date":"01/12/2025","date_ts":1764547200000,"profit_abs":-70.37521794,"wins":0,"draws":0,"losses":7,"trades":7,"profit_factor":0.0},{"date":"08/12/2025","date_ts":1765152000000,"profit_abs":94.83815956,"wins":11,"draws":0,"losses":2,"trades":13,"profit_factor":68.71007815}],"month":[{"date":"30/11/2025","date_ts":1764460800000,"profit_abs":-10.2015525,"wins":0,"draws":0,"losses":1,"trades":1,"profit_factor":0.0},{"date":"31/12/2025","date_ts":1767139200000,"profit_abs":34.66449412,"wins":11,"draws":0,"losses":8,"trades":19,"profit_factor":1.56297002}],"year":[{"date":"31/12/2025","date_ts":1767139200000,"profit_abs":24.46294162,"wins":11,"draws":0,"losses":9,"trades":20,"profit_factor":1.34082404}],"weekday":[{"date":"Monday","date_ts":0,"profit_abs":-60.17366544,"wins":0,"draws":0,"losses":6,"trades":6,"profit_factor":0.0},{"date":"Tuesday","date_ts":1,"profit_abs":58.47468383,"wins":6,"draws":0,"losses":0,"trades":6,"profit_factor":0.0},{"date":"Wednesday","date_ts":2,"profit_abs":29.84958658,"wins":3,"draws":0,"losses":0,"trades":3,"profit_factor":0.0},{"date":"Thursday","date_ts":3,"profit_abs":6.51388915,"wins":2,"draws":0,"losses":2,"trades":4,"profit_factor":5.65061686},{"date":"Sunday","date_ts":6,"profit_abs":-10.2015525,"wins":0,"draws":0,"losses":1,"trades":1,"profit_factor":0.0}]},"backtest_best_day":0.2999951593458994,"backtest_worst_day":-0.3062302888039419,"backtest_best_day_abs":58.47468383,"backtest_worst_day_abs":-60.17366544,"winning_days":3,"draw_days":0,"losing_days":2,"daily_profit":[["2025-11-30",-10.2015525],["2025-12-01",-60.17366544],["2025-12-02",58.47468383],["2025-12-03",29.84958658],["2025-12-04",6.51388915]],"wins":11,"losses":9,"draws":0,"winrate":0.55,"holding_avg":"1 day, 4:43:00","holding_avg_s":103380.0,"winner_holding_min":"0d 00:35","winner_holding_min_s":2100.0,"winner_holding_max":"1d 13:10","winner_holding_max_s":133800.0,"winner_holding_avg":"0d 22:43","winner_holding_avg_s":81780.0,"loser_holding_min":"0d 01:10","loser_holding_min_s":4200.0,"loser_holding_max":"3d 02:30","loser_holding_max_s":268200.0,"loser_holding_avg":"1d 12:03","loser_holding_avg_s":129780.0,"max_consecutive_wins":10,"max_consecutive_losses":7,"max_drawdown_account":0.07037521793999997,"max_relative_drawdown":0.07037521793999997,"max_drawdown_abs":70.37521794,"drawdown_start":"2025-11-30 23:50:00","drawdown_start_ts":1764546600000.0,"drawdown_end":"2025-12-01 15:30:00","drawdown_end_ts":1764603000000.0,"drawdown_duration":"0 days 15:40:00","drawdown_duration_s":56400.0,"max_drawdown_low":-70.37521794,"max_drawdown_high":0.0,"csum_min":929.62478206,"csum_max":1024.46294162}},"strategy_comparison":[{"key":"RLSentimentStrategy","trades":20,"profit_mean":0.006350531616496184,"profit_mean_pct":0.64,"profit_total_abs":24.462941620000006,"profit_total":0.024462941620000005,"profit_total_pct":2.45,"duration_avg":"1 day, 4:43:00","wins":11,"draws":0,"losses":9,"winrate":0.55,"cagr":3.3503286011159776,"expectancy":1.2231470810000014,"expectancy_ratio":0.15337081887718695,"sortino":19.92876715195272,"sharpe":8.762149930091256,"calmar":110.6838119774323,"sqn":0.5997,"profit_factor":1.3408240419493045,"max_drawdown_account":0.07037521793999997,"max_drawdown_abs":"70.375"}]}