{"$schema":"https://schema.freqtrade.io/schema.json","trading_mode":"futures","margin_mode":"isolated","max_open_trades":5,"stake_currency":"USDT","stake_amount":200,"tradable_balance_ratio":1,"fiat_display_currency":"USD","dry_run":true,"timeframe":"5m","dry_run_wallet":1000,"cancel_open_orders_on_exit":true,"unfilledtimeout":{"entry":10,"exit":30},"exchange":{"name":"binance","key":"REDACTED","secret":"REDACTED","ccxt_config":{},"ccxt_async_config":{},"pair_whitelist":["1INCH/USDT:USDT","ALGO/USDT:USDT"],"pair_blacklist":[]},"entry_pricing":{"price_side":"same","use_order_book":true,"order_book_top":1,"price_last_balance":0.0,"check_depth_of_market":{"enabled":false,"bids_to_ask_delta":1}},"exit_pricing":{"price_side":"other","use_order_book":true,"order_book_top":1},"pairlists":[{"method":"StaticPairList"}],"freqai":{"enabled":true,"purge_old_models":true,"train_period_days":30,"backtest_period_days":7,"identifier":"grad_project_v2","feature_parameters":{"include_timeframes":["5m"],"include_corr_pairlist":[],"label_period_candles":24,"include_shifted_candles":2,"indicator_periods_candles":[10,20],"indicator_max_period_candles":20,"weight_factor":0.9,"principal_component_analysis":false,"use_SVM_to_remove_outliers":true},"data_split_parameters":{"test_size":0.25,"random_state":42},"rl_config":{"train_cycles":10,"add_state_info":false,"max_trade_duration_candles":300,"model_type":"PPO","policy_type":"MlpPolicy","model_reward_parameters":{"rr":1,"profit_aim":0.025}}},"config_files":["config.json"],"internals":{}}