{"strategy":{"RLSentimentStrategy":{"trades":[{"pair":"DOGE/USDT:USDT","stake_amount":199.9525,"max_stake_amount":199.9525,"amount":1322.0,"open_date":"2025-11-28 01:25:00+00:00","close_date":"2025-12-01 00:05:00+00:00","open_rate":0.15125,"close_rate":0.14369,"fee_open":0.0005,"fee_close":0.0005,"trade_duration":4240,"profit_ratio":-0.051005308313448086,"profit_abs":-10.20373823,"exit_reason":"stop_loss","initial_stop_loss_abs":0.14369,"initial_stop_loss_ratio":-0.05,"stop_loss_abs":0.14369,"stop_loss_ratio":-0.05,"min_rate":0.1418,"max_rate":0.15548,"is_open":false,"enter_tag":"long_entry","leverage":1.0,"is_short":false,"open_timestamp":1764293100000,"close_timestamp":1764547500000,"orders":[{"amount":1322.0,"safe_price":0.15125,"ft_order_side":"buy","order_filled_timestamp":1764293100000,"ft_is_entry":true,"ft_order_tag":"long_entry","cost":200.05247624999998},{"amount":1322.0,"safe_price":0.14369,"ft_order_side":"sell","order_filled_timestamp":1764547500000,"ft_is_entry":false,"ft_order_tag":"stop_loss","cost":190.05315909}],"funding_fees":-0.0144628869565882,"weekday":0},{"pair":"XRP/USDT:USDT","stake_amount":199.8891,"max_stake_amount":199.8891,"amount":90.9,"open_date":"2025-11-28 00:05:00+00:00","close_date":"2025-12-01 00:30:00+00:00","open_rate":2.199,"close_rate":2.0891,"fee_open":0.0005,"fee_close":0.0005,"trade_duration":4345,"profit_ratio":-0.05070255409648138,"profit_abs":-10.13995535,"exit_reason":"stop_loss","initial_stop_loss_abs":2.0891,"initial_stop_loss_ratio":-0.05,"stop_loss_abs":2.0891,"stop_loss_ratio":-0.05,"min_rate":2.0809,"max_rate":2.2747,"is_open":false,"enter_tag":"long_entry","leverage":1.0,"is_short":false,"open_timestamp":1764288300000,"close_timestamp":1764549000000,"orders":[{"amount":90.9,"safe_price":2.199,"ft_order_side":"buy","order_filled_timestamp":1764288300000,"ft_is_entry":true,"ft_order_tag":"long_entry","cost":199.98904454999996},{"amount":90.9,"safe_price":2.0891,"ft_order_side":"sell","order_filled_timestamp":1764549000000,"ft_is_entry":false,"ft_order_tag":"stop_loss","cost":189.99413959500004}],"funding_fees":0.044848793398200124,"weekday":0},{"pair":"BTC/USDT:USDT","stake_amount":182.3288,"max_stake_amount":182.3288,"amount":0.002,"open_date":"2025-11-28 00:05:00+00:00","close_date":"2025-12-01 02:35:00+00:00","open_rate":91164.4,"close_rate":86606.18,"fee_open":0.0005,"fee_close":0.0005,"trade_duration":4470,"profit_ratio":-0.05118678364351221,"profit_abs":-9.33749125,"exit_reason":"stop_loss","initial_stop_loss_abs":86606.18,"initial_stop_loss_ratio":-0.05,"stop_loss_abs":86606.18,"stop_loss_ratio":-0.05,"min_rate":86537.8,"max_rate":93080.0,"is_open":false,"enter_tag":"long_entry","leverage":1.0,"is_short":false,"open_timestamp":1764288300000,"close_timestamp":1764556500000,"orders":[{"amount":0.002,"safe_price":91164.4,"ft_order_side":"buy","order_filled_timestamp":1764288300000,"ft_is_entry":true,"ft_order_tag":"long_entry","cost":182.4199644},{"amount":0.002,"safe_price":86606.18,"ft_order_side":"sell","order_filled_timestamp":1764556500000,"ft_is_entry":false,"ft_order_tag":"stop_loss","cost":173.29896617999998}],"funding_fees":-0.043280665572948816,"weekday":0},{"pair":"DOGE/USDT:USDT","stake_amount":199.89716,"max_stake_amount":199.89716,"amount":1402.0,"open_date":"2025-12-01 00:10:00+00:00","close_date":"2025-12-01 12:45:00+00:00","open_rate":0.14258,"close_rate":0.13546,"fee_open":0.0005,"fee_close":0.0005,"trade_duration":755,"profit_ratio":-0.0507974929344351,"profit_abs":-10.15935171,"exit_reason":"stop_loss","initial_stop_loss_abs":0.13546,"initial_stop_loss_ratio":-0.05,"stop_loss_abs":0.13546,"stop_loss_ratio":-0.05,"min_rate":0.13421,"max_rate":0.14346,"is_open":false,"enter_tag":"long_entry","leverage":1.0,"is_short":false,"open_timestamp":1764547800000,"close_timestamp":1764593100000,"orders":[{"amount":1402.0,"safe_price":0.14258,"ft_order_side":"buy","order_filled_timestamp":1764547800000,"ft_is_entry":true,"ft_order_tag":"long_entry","cost":199.99710858},{"amount":1402.0,"safe_price":0.13546,"ft_order_side":"sell","order_filled_timestamp":1764593100000,"ft_is_entry":false,"ft_order_tag":"stop_loss","cost":190.00987745999998}],"funding_fees":0.01779433420327,"weekday":0},{"pair":"XRP/USDT:USDT","stake_amount":199.94601,"max_stake_amount":199.94601,"amount":95.7,"open_date":"2025-12-01 00:35:00+00:00","close_date":"2025-12-01 15:30:00+00:00","open_rate":2.0893,"close_rate":1.9849,"fee_open":0.0005,"fee_close":0.0005,"trade_duration":895,"profit_ratio":-0.050891704932388176,"profit_abs":-10.18068114,"exit_reason":"stop_loss","initial_stop_loss_abs":1.9849,"initial_stop_loss_ratio":-0.05,"stop_loss_abs":1.9849,"stop_loss_ratio":-0.05,"min_rate":1.9849,"max_rate":2.0924,"is_open":false,"enter_tag":"long_entry","leverage":1.0,"is_short":false,"open_timestamp":1764549300000,"close_timestamp":1764603000000,"orders":[{"amount":95.7,"safe_price":2.0893,"ft_order_side":"buy","order_filled_timestamp":1764549300000,"ft_is_entry":true,"ft_order_tag":"long_entry","cost":200.045983005},{"amount":95.7,"safe_price":1.9849,"ft_order_side":"sell","order_filled_timestamp":1764603000000,"ft_is_entry":false,"ft_order_tag":"stop_loss","cost":190.04990746500002}],"funding_fees":0.0053493322933776,"weekday":0},{"pair":"DOGE/USDT:USDT","stake_amount":199.91158,"max_stake_amount":199.91158,"amount":1486.0,"open_date":"2025-12-01 12:50:00+00:00","close_date":"2025-12-02 14:55:00+00:00","open_rate":0.13453,"close_rate":0.14139446223111554,"fee_open":0.0005,"fee_close":0.0005,"trade_duration":1565,"profit_ratio":0.050197610254548004,"profit_abs":10.04010112,"exit_reason":"roi","initial_stop_loss_abs":0.12781,"initial_stop_loss_ratio":-0.05,"stop_loss_abs":0.12781,"stop_loss_ratio":-0.05,"min_rate":0.13165,"max_rate":0.14171,"is_open":false,"enter_tag":"long_entry","leverage":1.0,"is_short":false,"open_timestamp":1764593400000,"close_timestamp":1764687300000,"orders":[{"amount":1486.0,"safe_price":0.13453,"ft_order_side":"buy","order_filled_timestamp":1764593400000,"ft_is_entry":true,"ft_order_tag":"long_entry","cost":200.01153579},{"amount":1486.0,"safe_price":0.14139446223111554,"ft_order_side":"sell","order_filled_timestamp":1764687300000,"ft_is_entry":false,"ft_order_tag":"roi","cost":210.2172269608754}],"funding_fees":0.04452212341584479,"weekday":1},{"pair":"XRP/USDT:USDT","stake_amount":199.80604,"max_stake_amount":199.80604,"amount":100.4,"open_date":"2025-12-01 15:35:00+00:00","close_date":"2025-12-02 15:00:00+00:00","open_rate":1.9901,"close_rate":2.091645872936468,"fee_open":0.0005,"fee_close":0.0005,"trade_duration":1405,"profit_ratio":0.04994312109571018,"profit_abs":9.98392672,"exit_reason":"roi","initial_stop_loss_abs":1.8906,"initial_stop_loss_ratio":-0.05,"stop_loss_abs":1.8906,"stop_loss_ratio":-0.05,"min_rate":1.9825,"max_rate":2.108,"is_open":false,"enter_tag":"long_entry","leverage":1.0,"is_short":false,"open_timestamp":1764603300000,"close_timestamp":1764687600000,"orders":[{"amount":100.4,"safe_price":1.9901,"ft_order_side":"buy","order_filled_timestamp":1764603300000,"ft_is_entry":true,"ft_order_tag":"long_entry","cost":199.90594302},{"amount":100.4,"safe_price":2.091645872936468,"ft_order_side":"sell","order_filled_timestamp":1764687600000,"ft_is_entry":false,"ft_order_tag":"roi","cost":210.10624626564282}],"funding_fees":-0.006375284778992159,"weekday":1},{"pair":"BTC/USDT:USDT","stake_amount":173.2922,"max_stake_amount":173.2922,"amount":0.002,"open_date":"2025-12-01 02:40:00+00:00","close_date":"2025-12-02 15:50:00+00:00","open_rate":86646.1,"close_rate":91067.26168084043,"fee_open":0.0005,"fee_close":0.0005,"trade_duration":2230,"profit_ratio":0.04991251657661136,"profit_abs":8.65377453,"exit_reason":"roi","initial_stop_loss_abs":82313.795,"initial_stop_loss_ratio":-0.05,"stop_loss_abs":82313.795,"stop_loss_ratio":-0.05,"min_rate":83786.0,"max_rate":91211.3,"is_open":false,"enter_tag":"long_entry","leverage":1.0,"is_short":false,"open_timestamp":1764556800000,"close_timestamp":1764690600000,"orders":[{"amount":0.002,"safe_price":86646.1,"ft_order_side":"buy","order_filled_timestamp":1764556800000,"ft_is_entry":true,"ft_order_tag":"long_entry","cost":173.3788461},{"amount":0.002,"safe_price":91067.26168084043,"ft_order_side":"sell","order_filled_timestamp":1764690600000,"ft_is_entry":false,"ft_order_tag":"roi","cost":182.22559062336168}],"funding_fees":-0.010835469291049922,"weekday":1},{"pair":"XRP/USDT:USDT","stake_amount":199.8515,"max_stake_amount":199.8515,"amount":95.0,"open_date":"2025-12-02 15:05:00+00:00","close_date":"2025-12-03 05:05:00+00:00","open_rate":2.1037,"close_rate":2.211042371185593,"fee_open":0.0005,"fee_close":0.0005,"trade_duration":840,"profit_ratio":0.04996258892642579,"profit_abs":9.99009089,"exit_reason":"roi","initial_stop_loss_abs":1.9986,"initial_stop_loss_ratio":-0.05,"stop_loss_abs":1.9986,"stop_loss_ratio":-0.05,"min_rate":2.0996,"max_rate":2.2186,"is_open":false,"enter_tag":"long_entry","leverage":1.0,"is_short":false,"open_timestamp":1764687900000,"close_timestamp":1764738300000,"orders":[{"amount":95.0,"safe_price":2.1037,"ft_order_side":"buy","order_filled_timestamp":1764687900000,"ft_is_entry":true,"ft_order_tag":"long_entry","cost":199.95142574999997},{"amount":95.0,"safe_price":2.211042371185593,"ft_order_side":"sell","order_filled_timestamp":1764738300000,"ft_is_entry":false,"ft_order_tag":"roi","cost":210.15404977526262}],"funding_fees":-0.002484114875002004,"weekday":2},{"pair":"DOGE/USDT:USDT","stake_amount":199.96794,"max_stake_amount":199.96794,"amount":1377.0,"open_date":"2025-12-02 16:45:00+00:00","close_date":"2025-12-03 22:45:00+00:00","open_rate":0.14522,"close_rate":0.1526299249624812,"fee_open":0.0005,"fee_close":0.0005,"trade_duration":1800,"profit_ratio":0.049740866064528294,"profit_abs":9.95155181,"exit_reason":"roi","initial_stop_loss_abs":0.13796,"initial_stop_loss_ratio":-0.05,"stop_loss_abs":0.13796,"stop_loss_ratio":-0.05,"min_rate":0.14466,"max_rate":0.15288,"is_open":false,"enter_tag":"long_entry","leverage":1.0,"is_short":false,"open_timestamp":1764693900000,"close_timestamp":1764801900000,"orders":[{"amount":1377.0,"safe_price":0.14522,"ft_order_side":"buy","order_filled_timestamp":1764693900000,"ft_is_entry":true,"ft_order_tag":"long_entry","cost":200.06792396999995},{"amount":1377.0,"safe_price":0.1526299249624812,"ft_order_side":"sell","order_filled_timestamp":1764801900000,"ft_is_entry":false,"ft_order_tag":"roi","cost":210.2764923766733}],"funding_fees":-0.0468451919147796,"weekday":2},{"pair":"BTC/USDT:USDT","stake_amount":181.9192,"max_stake_amount":181.9192,"amount":0.002,"open_date":"2025-12-02 15:55:00+00:00","close_date":"2025-12-04 00:00:00+00:00","open_rate":90959.6,"close_rate":93376.8,"fee_open":0.0005,"fee_close":0.0005,"trade_duration":1925,"profit_ratio":0.025491844082751958,"profit_abs":4.63977461,"exit_reason":"force_exit","initial_stop_loss_abs":86411.62,"initial_stop_loss_ratio":-0.05,"stop_loss_abs":86411.62,"stop_loss_ratio":-0.05,"min_rate":90156.4,"max_rate":94185.0,"is_open":false,"enter_tag":"long_entry","leverage":1.0,"is_short":false,"open_timestamp":1764690900000,"close_timestamp":1764806400000,"orders":[{"amount":0.002,"safe_price":90959.6,"ft_order_side":"buy","order_filled_timestamp":1764690900000,"ft_is_entry":true,"ft_order_tag":"long_entry","cost":182.0101596},{"amount":0.002,"safe_price":93376.8,"ft_order_side":"sell","order_filled_timestamp":1764806400000,"ft_is_entry":false,"ft_order_tag":"force_exit","cost":186.8469768}],"funding_fees":-0.010288993870488466,"weekday":3},{"pair":"XRP/USDT:USDT","stake_amount":199.91026,"max_stake_amount":199.91026,"amount":90.2,"open_date":"2025-12-03 05:10:00+00:00","close_date":"2025-12-04 00:00:00+00:00","open_rate":2.2163,"close_rate":2.1965,"fee_open":0.0005,"fee_close":0.0005,"trade_duration":1130,"profit_ratio":-0.01005064650669675,"profit_abs":-2.01023197,"exit_reason":"force_exit","initial_stop_loss_abs":2.1055,"initial_stop_loss_ratio":-0.05,"stop_loss_abs":2.1055,"stop_loss_ratio":-0.05,"min_rate":2.1409,"max_rate":2.2163,"is_open":false,"enter_tag":"long_entry","leverage":1.0,"is_short":false,"open_timestamp":1764738600000,"close_timestamp":1764806400000,"orders":[{"amount":90.2,"safe_price":2.2163,"ft_order_side":"buy","order_filled_timestamp":1764738600000,"ft_is_entry":true,"ft_order_tag":"long_entry","cost":200.01021512999998},{"amount":90.2,"safe_price":2.1965,"ft_order_side":"sell","order_filled_timestamp":1764806400000,"ft_is_entry":false,"ft_order_tag":"force_exit","cost":198.22336214999999}],"funding_fees":-0.02525469143656096,"weekday":3}],"locks":[],"best_pair":{"key":"BTC/USDT:USDT","trades":3,"profit_mean":0.00807252567195037,"profit_mean_pct":0.81,"profit_total_abs":3.9560578900000003,"profit_total":0.003956057890000001,"profit_total_pct":0.4,"duration_avg":"1 day, 23:55:00","wins":2,"draws":0,"losses":1,"winrate":0.6666666666666666,"cagr":0.27148487098476326,"expectancy":1.318685963333333,"expectancy_ratio":0.14122486736823792,"sortino":-100,"sharpe":1.6335653823924041,"calmar":134.90486513242806,"sqn":0.2418,"profit_factor":1.4236746021047142,"max_drawdown_account":0.00933749124999997,"max_drawdown_abs":9.33749125},"worst_pair":{"key":"XRP/USDT:USDT","trades":5,"profit_mean":-0.002347839102686068,"profit_mean_pct":-0.23,"profit_total_abs":-2.3568508499999994,"profit_total":-0.0023568508499999994,"profit_total_pct":-0.24,"duration_avg":"1 day, 4:43:00","wins":2,"draws":0,"losses":3,"winrate":0.4,"cagr":-0.13371759098299407,"expectancy":-0.47137016999999926,"expectancy_ratio":-0.06332537010519834,"sortino":-1.9532924245654182,"sharpe":-0.8298824952683886,"calmar":-36.93090706731143,"sqn":-0.1043,"profit_factor":0.8944577164913361,"max_drawdown_account":0.02032063648999997,"max_drawdown_abs":20.32063649},"results_per_pair":[{"key":"BTC/USDT:USDT","trades":3,"profit_mean":0.00807252567195037,"profit_mean_pct":0.81,"profit_total_abs":3.9560578900000003,"profit_total":0.003956057890000001,"profit_total_pct":0.4,"duration_avg":"1 day, 23:55:00","wins":2,"draws":0,"losses":1,"winrate":0.6666666666666666,"cagr":0.27148487098476326,"expectancy":1.318685963333333,"expectancy_ratio":0.14122486736823792,"sortino":-100,"sharpe":1.6335653823924041,"calmar":134.90486513242806,"sqn":0.2418,"profit_factor":1.4236746021047142,"max_drawdown_account":0.00933749124999997,"max_drawdown_abs":9.33749125},{"key":"ETH/USDT:USDT","trades":0,"profit_mean":0.0,"profit_mean_pct":0.0,"profit_total_abs":0.0,"profit_total":0.0,"profit_total_pct":0.0,"duration_avg":"0:00","wins":0,"draws":0,"losses":0,"winrate":0.0,"cagr":0.0,"expectancy":0.0,"expectancy_ratio":100.0,"sortino":0,"sharpe":0,"calmar":0,"sqn":0.0,"profit_factor":0.0,"max_drawdown_account":0.0,"max_drawdown_abs":0.0},{"key":"SOL/USDT:USDT","trades":0,"profit_mean":0.0,"profit_mean_pct":0.0,"profit_total_abs":0.0,"profit_total":0.0,"profit_total_pct":0.0,"duration_avg":"0:00","wins":0,"draws":0,"losses":0,"winrate":0.0,"cagr":0.0,"expectancy":0.0,"expectancy_ratio":100.0,"sortino":0,"sharpe":0,"calmar":0,"sqn":0.0,"profit_factor":0.0,"max_drawdown_account":0.0,"max_drawdown_abs":0.0},{"key":"DOGE/USDT:USDT","trades":4,"profit_mean":-0.0004660812322017215,"profit_mean_pct":-0.05,"profit_total_abs":-0.37143701000000284,"profit_total":-0.00037143701000000285,"profit_total_pct":-0.04,"duration_avg":"1 day, 10:50:00","wins":2,"draws":0,"losses":2,"winrate":0.5,"cagr":-0.0223464831132959,"expectancy":-0.09285925250000027,"expectancy_ratio":-0.00912034988536714,"sortino":-53.291660862217384,"sharpe":-0.11723118284220552,"calmar":-5.808134663412839,"sqn":-0.0159,"profit_factor":0.9817593002292656,"max_drawdown_account":0.02036308994000001,"max_drawdown_abs":20.363089940000002},{"key":"XRP/USDT:USDT","trades":5,"profit_mean":-0.002347839102686068,"profit_mean_pct":-0.23,"profit_total_abs":-2.3568508499999994,"profit_total":-0.0023568508499999994,"profit_total_pct":-0.24,"duration_avg":"1 day, 4:43:00","wins":2,"draws":0,"losses":3,"winrate":0.4,"cagr":-0.13371759098299407,"expectancy":-0.47137016999999926,"expectancy_ratio":-0.06332537010519834,"sortino":-1.9532924245654182,"sharpe":-0.8298824952683886,"calmar":-36.93090706731143,"sqn":-0.1043,"profit_factor":0.8944577164913361,"max_drawdown_account":0.02032063648999997,"max_drawdown_abs":20.32063649},{"key":"TOTAL","trades":12,"profit_mean":0.0008845047144678247,"profit_mean_pct":0.09,"profit_total_abs":1.2277700299999945,"profit_total":0.0012277700299999944,"profit_total_pct":0.12,"duration_avg":"1 day, 11:33:00","wins":6,"draws":0,"losses":6,"winrate":0.5,"cagr":0.07749998633947253,"expectancy":0.10231416916666625,"expectancy_ratio":0.011798345407045385,"sortino":1.305420306323175,"sharpe":0.42812036328289615,"calmar":7.81552128462615,"sqn":0.0372,"profit_factor":1.023596690814091,"max_drawdown_account":0.05002121768000006,"max_drawdown_abs":50.02121768000001}],"results_per_enter_tag":[{"key":"long_entry","trades":12,"profit_mean":0.0008845047144678247,"profit_mean_pct":0.09,"profit_total_abs":1.2277700299999945,"profit_total":0.0012277700299999944,"profit_total_pct":0.12,"duration_avg":"1 day, 11:33:00","wins":6,"draws":0,"losses":6,"winrate":0.5,"cagr":0.07749998633947253,"expectancy":0.10231416916666625,"expectancy_ratio":0.011798345407045385,"sortino":1.305420306323175,"sharpe":0.42812036328289615,"calmar":7.81552128462615,"sqn":0.0372,"profit_factor":1.023596690814091,"max_drawdown_account":0.05002121768000006,"max_drawdown_abs":50.02121768000001},{"key":"TOTAL","trades":12,"profit_mean":0.0008845047144678247,"profit_mean_pct":0.09,"profit_total_abs":1.2277700299999945,"profit_total":0.0012277700299999944,"profit_total_pct":0.12,"duration_avg":"1 day, 11:33:00","wins":6,"draws":0,"losses":6,"winrate":0.5,"cagr":0.07749998633947253,"expectancy":0.10231416916666625,"expectancy_ratio":0.011798345407045385,"sortino":1.305420306323175,"sharpe":0.42812036328289615,"calmar":7.81552128462615,"sqn":0.0372,"profit_factor":1.023596690814091,"max_drawdown_account":0.05002121768000006,"max_drawdown_abs":50.02121768000001}],"exit_reason_summary":[{"key":"roi","trades":5,"profit_mean":0.04995134058356473,"profit_mean_pct":5.0,"profit_total_abs":48.61944507,"profit_total":0.048619445069999996,"profit_total_pct":4.86,"duration_avg":"1 day, 2:08:00","wins":5,"draws":0,"losses":0,"winrate":1.0,"cagr":16.957918507028293,"expectancy":9.723889014,"expectancy_ratio":100.0,"sortino":-100,"sharpe":288.932485525416,"calmar":-100,"sqn":36.2962,"profit_factor":0.0,"max_drawdown_account":0.0,"max_drawdown_abs":0.0},{"key":"force_exit","trades":2,"profit_mean":0.007720598788027604,"profit_mean_pct":0.77,"profit_total_abs":2.62954264,"profit_total":0.00262954264,"profit_total_pct":0.26,"duration_avg":"1 day, 1:28:00","wins":1,"draws":0,"losses":1,"winrate":0.5,"cagr":0.17322210083485645,"expectancy":1.31477132,"expectancy_ratio":0.6540396032006197,"sortino":-100,"sharpe":2.5181599944881286,"calmar":418.4461652000088,"sqn":0.3954,"profit_factor":2.3080792064012394,"max_drawdown_account":0.002000948022170865,"max_drawdown_abs":2.01023197},{"key":"stop_loss","trades":5,"profit_mean":-0.050916768784052976,"profit_mean_pct":-5.09,"profit_total_abs":-50.02121768000001,"profit_total":-0.05002121768000001,"profit_total_pct":-5.0,"duration_avg":"2 days, 1:01:00","wins":0,"draws":0,"losses":5,"winrate":0.0,"cagr":-0.9559178687808958,"expectancy":-10.004243536,"expectancy_ratio":-1.0,"sortino":-476.794964433849,"sharpe":-476.794964433849,"calmar":-318.41621957571294,"sqn":-59.8958,"profit_factor":0.0,"max_drawdown_account":0.05002121768000006,"max_drawdown_abs":50.02121768000001},{"key":"TOTAL","trades":12,"profit_mean":0.0008845047144678247,"profit_mean_pct":0.09,"profit_total_abs":1.2277700299999945,"profit_total":0.0012277700299999944,"profit_total_pct":0.12,"duration_avg":"1 day, 11:33:00","wins":6,"draws":0,"losses":6,"winrate":0.5,"cagr":0.07749998633947253,"expectancy":0.10231416916666625,"expectancy_ratio":0.011798345407045385,"sortino":1.305420306323175,"sharpe":0.42812036328289615,"calmar":7.81552128462615,"sqn":0.0372,"profit_factor":1.023596690814091,"max_drawdown_account":0.05002121768000006,"max_drawdown_abs":50.02121768000001}],"mix_tag_stats":[{"key":["long_entry","roi"],"trades":5,"profit_mean":0.04995134058356473,"profit_mean_pct":5.0,"profit_total_abs":48.61944507,"profit_total":0.048619445069999996,"profit_total_pct":4.86,"duration_avg":"1 day, 2:08:00","wins":5,"draws":0,"losses":0,"winrate":1.0,"cagr":16.957918507028293,"expectancy":9.723889014,"expectancy_ratio":100.0,"sortino":-100,"sharpe":288.932485525416,"calmar":-100,"sqn":36.2962,"profit_factor":0.0,"max_drawdown_account":0.0,"max_drawdown_abs":0.0},{"key":["long_entry","force_exit"],"trades":2,"profit_mean":0.007720598788027604,"profit_mean_pct":0.77,"profit_total_abs":2.62954264,"profit_total":0.00262954264,"profit_total_pct":0.26,"duration_avg":"1 day, 1:28:00","wins":1,"draws":0,"losses":1,"winrate":0.5,"cagr":0.17322210083485645,"expectancy":1.31477132,"expectancy_ratio":0.6540396032006197,"sortino":-100,"sharpe":2.5181599944881286,"calmar":418.4461652000088,"sqn":0.3954,"profit_factor":2.3080792064012394,"max_drawdown_account":0.002000948022170865,"max_drawdown_abs":2.01023197},{"key":["long_entry","stop_loss"],"trades":5,"profit_mean":-0.050916768784052976,"profit_mean_pct":-5.09,"profit_total_abs":-50.02121768000001,"profit_total":-0.05002121768000001,"profit_total_pct":-5.0,"duration_avg":"2 days, 1:01:00","wins":0,"draws":0,"losses":5,"winrate":0.0,"cagr":-0.9559178687808958,"expectancy":-10.004243536,"expectancy_ratio":-1.0,"sortino":-476.794964433849,"sharpe":-476.794964433849,"calmar":-318.41621957571294,"sqn":-59.8958,"profit_factor":0.0,"max_drawdown_account":0.05002121768000006,"max_drawdown_abs":50.02121768000001},{"key":"TOTAL","trades":12,"profit_mean":0.0008845047144678247,"profit_mean_pct":0.09,"profit_total_abs":1.2277700299999945,"profit_total":0.0012277700299999944,"profit_total_pct":0.12,"duration_avg":"1 day, 11:33:00","wins":6,"draws":0,"losses":6,"winrate":0.5,"cagr":0.07749998633947253,"expectancy":0.10231416916666625,"expectancy_ratio":0.011798345407045385,"sortino":1.305420306323175,"sharpe":0.42812036328289615,"calmar":7.81552128462615,"sqn":0.0372,"profit_factor":1.023596690814091,"max_drawdown_account":0.05002121768000006,"max_drawdown_abs":50.02121768000001}],"left_open_trades":[{"key":"BTC/USDT:USDT","trades":1,"profit_mean":0.025491844082751958,"profit_mean_pct":2.55,"profit_total_abs":4.63977461,"profit_total":0.00463977461,"profit_total_pct":0.46,"duration_avg":"1 day, 8:05:00","wins":1,"draws":0,"losses":0,"winrate":1.0,"cagr":0.3252487514649718,"expectancy":4.63977461,"expectancy_ratio":100.0,"sortino":-100,"sharpe":-100,"calmar":-100,"sqn":-100.0,"profit_factor":0.0,"max_drawdown_account":0.0,"max_drawdown_abs":0.0},{"key":"XRP/USDT:USDT","trades":1,"profit_mean":-0.01005064650669675,"profit_mean_pct":-1.01,"profit_total_abs":-2.01023197,"profit_total":-0.00201023197,"profit_total_pct":-0.2,"duration_avg":"18:50:00","wins":0,"draws":0,"losses":1,"winrate":0.0,"cagr":-0.11521640670184441,"expectancy":-2.01023197,"expectancy_ratio":-1.0,"sortino":-100,"sharpe":-100,"calmar":-318.4162195757213,"sqn":-100.0,"profit_factor":0.0,"max_drawdown_account":0.0020102319699999496,"max_drawdown_abs":2.01023197},{"key":"TOTAL","trades":2,"profit_mean":0.007720598788027604,"profit_mean_pct":0.77,"profit_total_abs":2.62954264,"profit_total":0.00262954264,"profit_total_pct":0.26,"duration_avg":"1 day, 1:28:00","wins":1,"draws":0,"losses":1,"winrate":0.5,"cagr":0.17322210083485645,"expectancy":1.31477132,"expectancy_ratio":0.6540396032006197,"sortino":-100,"sharpe":2.5181599944881286,"calmar":418.4461652000088,"sqn":0.3954,"profit_factor":2.3080792064012394,"max_drawdown_account":0.002000948022170865,"max_drawdown_abs":2.01023197}],"total_trades":12,"trade_count_long":12,"trade_count_short":0,"total_volume":4679.296620886816,"avg_stake_amount":194.72269083333333,"profit_mean":0.0008845047144678247,"profit_median":0.007720598788027604,"profit_total":0.0012277700299999944,"profit_total_long":0.0012277700299999944,"profit_total_short":0.0,"profit_total_abs":1.2277700299999945,"profit_total_long_abs":1.2277700299999945,"profit_total_short_abs":0.0,"cagr":0.07749998633947253,"expectancy":0.10231416916666625,"expectancy_ratio":0.011798345407045385,"sortino":1.305420306323175,"sharpe":0.42812036328289615,"calmar":7.81552128462615,"sqn":0.0372,"profit_factor":1.023596690814091,"backtest_start":"2025-11-28 00:00:00","backtest_start_ts":1764288000000,"backtest_end":"2025-12-04 00:00:00","backtest_end_ts":1764806400000,"backtest_days":6,"backtest_run_start_ts":1764904982,"backtest_run_end_ts":1764904985,"trades_per_day":2.0,"market_change":0.021482948007584685,"pairlist":["BTC/USDT:USDT","ETH/USDT:USDT","SOL/USDT:USDT","XRP/USDT:USDT","DOGE/USDT:USDT"],"stake_amount":200,"stake_currency":"USDT","stake_currency_decimals":3,"starting_balance":1000,"dry_run_wallet":1000,"final_balance":1001.22777003,"rejected_signals":0,"timedout_entry_orders":0,"timedout_exit_orders":0,"canceled_trade_entries":0,"canceled_entry_orders":0,"replaced_entry_orders":0,"max_open_trades":5,"max_open_trades_setting":5,"timeframe":"5m","timeframe_detail":"","timerange":"20251128-20251204","enable_protections":false,"strategy_name":"RLSentimentStrategy","freqaimodel":"ExtendedMDPLearner","freqai_identifier":"auto_exp_3","stoploss":-0.05,"trailing_stop":false,"trailing_stop_positive":null,"trailing_stop_positive_offset":0.0,"trailing_only_offset_is_reached":false,"use_custom_stoploss":false,"minimal_roi":{"0":0.1,"20":0.05},"use_exit_signal":true,"exit_profit_only":false,"exit_profit_offset":0.0,"ignore_roi_if_entry_signal":false,"trading_mode":"futures","margin_mode":"isolated","periodic_breakdown":{"day":[{"date":"01/12/2025","date_ts":1764547200000,"profit_abs":-50.02121768,"wins":0,"draws":0,"losses":5,"trades":5,"profit_factor":0.0},{"date":"02/12/2025","date_ts":1764633600000,"profit_abs":28.67780237,"wins":3,"draws":0,"losses":0,"trades":3,"profit_factor":0.0},{"date":"03/12/2025","date_ts":1764720000000,"profit_abs":19.9416427,"wins":2,"draws":0,"losses":0,"trades":2,"profit_factor":0.0},{"date":"04/12/2025","date_ts":1764806400000,"profit_abs":2.62954264,"wins":1,"draws":0,"losses":1,"trades":2,"profit_factor":2.30807921}],"week":[{"date":"01/12/2025","date_ts":1764547200000,"profit_abs":-50.02121768,"wins":0,"draws":0,"losses":5,"trades":5,"profit_factor":0.0},{"date":"08/12/2025","date_ts":1765152000000,"profit_abs":51.24898771,"wins":6,"draws":0,"losses":1,"trades":7,"profit_factor":26.49406659}],"month":[{"date":"31/12/2025","date_ts":1767139200000,"profit_abs":1.22777003,"wins":6,"draws":0,"losses":6,"trades":12,"profit_factor":1.02359669}],"year":[{"date":"31/12/2025","date_ts":1767139200000,"profit_abs":1.22777003,"wins":6,"draws":0,"losses":6,"trades":12,"profit_factor":1.02359669}],"weekday":[{"date":"Monday","date_ts":0,"profit_abs":-50.02121768,"wins":0,"draws":0,"losses":5,"trades":5,"profit_factor":0.0},{"date":"Tuesday","date_ts":1,"profit_abs":28.67780237,"wins":3,"draws":0,"losses":0,"trades":3,"profit_factor":0.0},{"date":"Wednesday","date_ts":2,"profit_abs":19.9416427,"wins":2,"draws":0,"losses":0,"trades":2,"profit_factor":0.0},{"date":"Thursday","date_ts":3,"profit_abs":2.62954264,"wins":1,"draws":0,"losses":1,"trades":2,"profit_factor":2.30807921}]},"backtest_best_day":0.15005324792686955,"backtest_worst_day":-0.25458384392026495,"backtest_best_day_abs":28.67780237,"backtest_worst_day_abs":-50.02121768,"winning_days":3,"draw_days":0,"losing_days":1,"daily_profit":[["2025-12-01",-50.02121768],["2025-12-02",28.67780237],["2025-12-03",19.9416427],["2025-12-04",2.62954264]],"wins":6,"losses":6,"draws":0,"winrate":0.5,"holding_avg":"1 day, 11:33:00","holding_avg_s":127980.0,"winner_holding_min":"0d 14:00","winner_holding_min_s":50400.0,"winner_holding_max":"1d 13:10","winner_holding_max_s":133800.0,"winner_holding_avg":"1d 03:08","winner_holding_avg_s":97680.0,"loser_holding_min":"0d 12:35","loser_holding_min_s":45300.0,"loser_holding_max":"3d 02:30","loser_holding_max_s":268200.0,"loser_holding_avg":"1d 19:59","loser_holding_avg_s":158340.0,"max_consecutive_wins":6,"max_consecutive_losses":5,"max_drawdown_account":0.05002121768000006,"max_relative_drawdown":0.05002121768000006,"max_drawdown_abs":50.02121768000001,"drawdown_start":"2025-12-01 00:05:00","drawdown_start_ts":1764547500000.0,"drawdown_end":"2025-12-01 15:30:00","drawdown_end_ts":1764603000000.0,"drawdown_duration":"0 days 15:25:00","drawdown_duration_s":55500.0,"max_drawdown_low":-50.02121768000001,"max_drawdown_high":0.0,"csum_min":949.9787823199999,"csum_max":1003.238002}},"strategy_comparison":[{"key":"RLSentimentStrategy","trades":12,"profit_mean":0.0008845047144678247,"profit_mean_pct":0.09,"profit_total_abs":1.2277700299999945,"profit_total":0.0012277700299999944,"profit_total_pct":0.12,"duration_avg":"1 day, 11:33:00","wins":6,"draws":0,"losses":6,"winrate":0.5,"cagr":0.07749998633947253,"expectancy":0.10231416916666625,"expectancy_ratio":0.011798345407045385,"sortino":1.305420306323175,"sharpe":0.42812036328289615,"calmar":7.81552128462615,"sqn":0.0372,"profit_factor":1.023596690814091,"max_drawdown_account":0.05002121768000006,"max_drawdown_abs":"50.021"}]}