{"strategy":{"RLSentimentStrategy":{"trades":[{"pair":"ALGO/USDT:USDT","stake_amount":199.9998,"max_stake_amount":199.9998,"amount":1386.0,"open_date":"2025-11-28 00:05:00+00:00","close_date":"2025-11-30 23:30:00+00:00","open_rate":0.1443,"close_rate":0.1371,"fee_open":0.0005,"fee_close":0.0005,"trade_duration":4285,"profit_ratio":-0.051461741766589346,"profit_abs":-10.29748423,"exit_reason":"stop_loss","initial_stop_loss_abs":0.1371,"initial_stop_loss_ratio":-0.05,"stop_loss_abs":0.1371,"stop_loss_ratio":-0.05,"min_rate":0.1367,"max_rate":0.1473,"is_open":false,"enter_tag":"long_entry","leverage":1.0,"is_short":false,"open_timestamp":1764288300000,"close_timestamp":1764545400000,"orders":[{"amount":1386.0,"safe_price":0.1443,"ft_order_side":"buy","order_filled_timestamp":1764288300000,"ft_is_entry":true,"ft_order_tag":"long_entry","cost":200.09979990000002},{"amount":1386.0,"safe_price":0.1371,"ft_order_side":"sell","order_filled_timestamp":1764545400000,"ft_is_entry":false,"ft_order_tag":"stop_loss","cost":190.1156103}],"funding_fees":-0.123274027863756,"weekday":6},{"pair":"ALGO/USDT:USDT","stake_amount":199.98777,"max_stake_amount":199.98777,"amount":1458.7,"open_date":"2025-11-30 23:35:00+00:00","close_date":"2025-12-01 03:35:00+00:00","open_rate":0.1371,"close_rate":0.1303,"fee_open":0.0005,"fee_close":0.0005,"trade_duration":240,"profit_ratio":-0.0504958985188471,"profit_abs":-10.10361142,"exit_reason":"stop_loss","initial_stop_loss_abs":0.1303,"initial_stop_loss_ratio":-0.05,"stop_loss_abs":0.1303,"stop_loss_ratio":-0.05,"min_rate":0.1301,"max_rate":0.1375,"is_open":false,"enter_tag":"long_entry","leverage":1.0,"is_short":false,"open_timestamp":1764545700000,"close_timestamp":1764560100000,"orders":[{"amount":1458.7,"safe_price":0.1371,"ft_order_side":"buy","order_filled_timestamp":1764545700000,"ft_is_entry":true,"ft_order_tag":"long_entry","cost":200.087763885},{"amount":1458.7,"safe_price":0.1303,"ft_order_side":"sell","order_filled_timestamp":1764560100000,"ft_is_entry":false,"ft_order_tag":"stop_loss","cost":190.163644305}],"funding_fees":0.01057677100665549,"weekday":0},{"pair":"ALGO/USDT:USDT","stake_amount":199.9872,"max_stake_amount":199.9872,"amount":1536.0,"open_date":"2025-12-01 03:40:00+00:00","close_date":"2025-12-02 15:10:00+00:00","open_rate":0.1302,"close_rate":0.1368435217608804,"fee_open":0.0005,"fee_close":0.0005,"trade_duration":2130,"profit_ratio":0.05018321642350228,"profit_abs":10.04101894,"exit_reason":"roi","initial_stop_loss_abs":0.1237,"initial_stop_loss_ratio":-0.05,"stop_loss_abs":0.1237,"stop_loss_ratio":-0.05,"min_rate":0.1277,"max_rate":0.1377,"is_open":false,"enter_tag":"long_entry","leverage":1.0,"is_short":false,"open_timestamp":1764560400000,"close_timestamp":1764688200000,"orders":[{"amount":1536.0,"safe_price":0.1302,"ft_order_side":"buy","order_filled_timestamp":1764560400000,"ft_is_entry":true,"ft_order_tag":"long_entry","cost":200.0871936},{"amount":1536.0,"safe_price":0.1368435217608804,"ft_order_side":"sell","order_filled_timestamp":1764688200000,"ft_is_entry":false,"ft_order_tag":"roi","cost":210.29674524942465}],"funding_fees":0.0416589424077312,"weekday":1},{"pair":"ALGO/USDT:USDT","stake_amount":199.99118,"max_stake_amount":199.99118,"amount":1456.6,"open_date":"2025-12-02 15:15:00+00:00","close_date":"2025-12-03 22:45:00+00:00","open_rate":0.1373,"close_rate":0.14430580290145073,"fee_open":0.0005,"fee_close":0.0005,"trade_duration":1890,"profit_ratio":0.049676996302763336,"profit_abs":9.93992859,"exit_reason":"roi","initial_stop_loss_abs":0.1305,"initial_stop_loss_ratio":-0.05,"stop_loss_abs":0.1305,"stop_loss_ratio":-0.05,"min_rate":0.1367,"max_rate":0.1444,"is_open":false,"enter_tag":"long_entry","leverage":1.0,"is_short":false,"open_timestamp":1764688500000,"close_timestamp":1764801900000,"orders":[{"amount":1456.6,"safe_price":0.1373,"ft_order_side":"buy","order_filled_timestamp":1764688500000,"ft_is_entry":true,"ft_order_tag":"long_entry","cost":200.09117558999998},{"amount":1456.6,"safe_price":0.14430580290145073,"ft_order_side":"sell","order_filled_timestamp":1764801900000,"ft_is_entry":false,"ft_order_tag":"roi","cost":210.30093042250624}],"funding_fees":-0.059630410387588303,"weekday":2},{"pair":"ALGO/USDT:USDT","stake_amount":199.9872,"max_stake_amount":199.9872,"amount":1388.8,"open_date":"2025-12-03 22:50:00+00:00","close_date":"2025-12-04 00:00:00+00:00","open_rate":0.144,"close_rate":0.1434,"fee_open":0.0005,"fee_close":0.0005,"trade_duration":70,"profit_ratio":-0.005162002332167249,"profit_abs":-1.03285056,"exit_reason":"force_exit","initial_stop_loss_abs":0.1368,"initial_stop_loss_ratio":-0.05,"stop_loss_abs":0.1368,"stop_loss_ratio":-0.05,"min_rate":0.1433,"max_rate":0.1448,"is_open":false,"enter_tag":"long_entry","leverage":1.0,"is_short":false,"open_timestamp":1764802200000,"close_timestamp":1764806400000,"orders":[{"amount":1388.8,"safe_price":0.144,"ft_order_side":"buy","order_filled_timestamp":1764802200000,"ft_is_entry":true,"ft_order_tag":"long_entry","cost":200.08719359999995},{"amount":1388.8,"safe_price":0.1434,"ft_order_side":"sell","order_filled_timestamp":1764806400000,"ft_is_entry":false,"ft_order_tag":"force_exit","cost":199.25349695999998}],"funding_fees":0.0,"weekday":3}],"locks":[],"best_pair":{"key":"1INCH/USDT:USDT","trades":0,"profit_mean":0.0,"profit_mean_pct":0.0,"profit_total_abs":0.0,"profit_total":0.0,"profit_total_pct":0.0,"duration_avg":"0:00","wins":0,"draws":0,"losses":0,"winrate":0.0,"cagr":0.0,"expectancy":0.0,"expectancy_ratio":100.0,"sortino":0,"sharpe":0,"calmar":0,"sqn":0.0,"profit_factor":0.0,"max_drawdown_account":0.0,"max_drawdown_abs":0.0},"worst_pair":{"key":"ALGO/USDT:USDT","trades":5,"profit_mean":-0.0014518859782676151,"profit_mean_pct":-0.15,"profit_total_abs":-1.452998680000002,"profit_total":-0.001452998680000002,"profit_total_pct":-0.15,"duration_avg":"1 day, 4:43:00","wins":2,"draws":0,"losses":3,"winrate":0.4,"cagr":-0.08465572819065303,"expectancy":-0.2905997359999999,"expectancy_ratio":-0.040673761119791485,"sortino":-1.0703691266524713,"sharpe":-0.5119268323100159,"calmar":-22.678112718622653,"sqn":-0.0643,"profit_factor":0.9322103981336809,"max_drawdown_account":0.020401095650000003,"max_drawdown_abs":20.401095650000002},"results_per_pair":[{"key":"1INCH/USDT:USDT","trades":0,"profit_mean":0.0,"profit_mean_pct":0.0,"profit_total_abs":0.0,"profit_total":0.0,"profit_total_pct":0.0,"duration_avg":"0:00","wins":0,"draws":0,"losses":0,"winrate":0.0,"cagr":0.0,"expectancy":0.0,"expectancy_ratio":100.0,"sortino":0,"sharpe":0,"calmar":0,"sqn":0.0,"profit_factor":0.0,"max_drawdown_account":0.0,"max_drawdown_abs":0.0},{"key":"ALGO/USDT:USDT","trades":5,"profit_mean":-0.0014518859782676151,"profit_mean_pct":-0.15,"profit_total_abs":-1.452998680000002,"profit_total":-0.001452998680000002,"profit_total_pct":-0.15,"duration_avg":"1 day, 4:43:00","wins":2,"draws":0,"losses":3,"winrate":0.4,"cagr":-0.08465572819065303,"expectancy":-0.2905997359999999,"expectancy_ratio":-0.040673761119791485,"sortino":-1.0703691266524713,"sharpe":-0.5119268323100159,"calmar":-22.678112718622653,"sqn":-0.0643,"profit_factor":0.9322103981336809,"max_drawdown_account":0.020401095650000003,"max_drawdown_abs":20.401095650000002},{"key":"TOTAL","trades":5,"profit_mean":-0.0014518859782676151,"profit_mean_pct":-0.15,"profit_total_abs":-1.452998680000002,"profit_total":-0.001452998680000002,"profit_total_pct":-0.15,"duration_avg":"1 day, 4:43:00","wins":2,"draws":0,"losses":3,"winrate":0.4,"cagr":-0.08465572819065303,"expectancy":-0.2905997359999999,"expectancy_ratio":-0.040673761119791485,"sortino":-1.0703691266524713,"sharpe":-0.5119268323100159,"calmar":-22.678112718622653,"sqn":-0.0643,"profit_factor":0.9322103981336809,"max_drawdown_account":0.020401095650000003,"max_drawdown_abs":20.401095650000002}],"results_per_enter_tag":[{"key":"long_entry","trades":5,"profit_mean":-0.0014518859782676151,"profit_mean_pct":-0.15,"profit_total_abs":-1.452998680000002,"profit_total":-0.001452998680000002,"profit_total_pct":-0.15,"duration_avg":"1 day, 4:43:00","wins":2,"draws":0,"losses":3,"winrate":0.4,"cagr":-0.08465572819065303,"expectancy":-0.2905997359999999,"expectancy_ratio":-0.040673761119791485,"sortino":-1.0703691266524713,"sharpe":-0.5119268323100159,"calmar":-22.678112718622653,"sqn":-0.0643,"profit_factor":0.9322103981336809,"max_drawdown_account":0.020401095650000003,"max_drawdown_abs":20.401095650000002},{"key":"TOTAL","trades":5,"profit_mean":-0.0014518859782676151,"profit_mean_pct":-0.15,"profit_total_abs":-1.452998680000002,"profit_total":-0.001452998680000002,"profit_total_pct":-0.15,"duration_avg":"1 day, 4:43:00","wins":2,"draws":0,"losses":3,"winrate":0.4,"cagr":-0.08465572819065303,"expectancy":-0.2905997359999999,"expectancy_ratio":-0.040673761119791485,"sortino":-1.0703691266524713,"sharpe":-0.5119268323100159,"calmar":-22.678112718622653,"sqn":-0.0643,"profit_factor":0.9322103981336809,"max_drawdown_account":0.020401095650000003,"max_drawdown_abs":20.401095650000002}],"exit_reason_summary":[{"key":"roi","trades":2,"profit_mean":0.049930106363132803,"profit_mean_pct":4.99,"profit_total_abs":19.98094753,"profit_total":0.01998094753,"profit_total_pct":2.0,"duration_avg":"1 day, 9:30:00","wins":2,"draws":0,"losses":0,"winrate":1.0,"cagr":2.331836046290711,"expectancy":9.990473765,"expectancy_ratio":100.0,"sortino":-100,"sharpe":1258.727025090569,"calmar":-100,"sqn":197.6544,"profit_factor":0.0,"max_drawdown_account":0.0,"max_drawdown_abs":0.0},{"key":"force_exit","trades":1,"profit_mean":-0.005162002332167249,"profit_mean_pct":-0.52,"profit_total_abs":-1.03285056,"profit_total":-0.00103285056,"profit_total_pct":-0.1,"duration_avg":"1:10:00","wins":0,"draws":0,"losses":1,"winrate":0.0,"cagr":-0.060929021017594676,"expectancy":-1.03285056,"expectancy_ratio":-1.0,"sortino":-100,"sharpe":-100,"calmar":-318.41621957570027,"sqn":-100.0,"profit_factor":0.0,"max_drawdown_account":0.0010328505600000425,"max_drawdown_abs":1.03285056},{"key":"stop_loss","trades":2,"profit_mean":-0.05097882014271822,"profit_mean_pct":-5.1,"profit_total_abs":-20.401095650000002,"profit_total":-0.020401095650000003,"profit_total_pct":-2.04,"duration_avg":"1 day, 13:42:00","wins":0,"draws":0,"losses":2,"winrate":0.0,"cagr":-0.7146107009651601,"expectancy":-10.200547825000001,"expectancy_ratio":-1.0,"sortino":-670.1341722003731,"sharpe":-670.1341722003731,"calmar":-318.4162195757133,"sqn":-105.2293,"profit_factor":0.0,"max_drawdown_account":0.020401095650000003,"max_drawdown_abs":20.401095650000002},{"key":"TOTAL","trades":5,"profit_mean":-0.0014518859782676151,"profit_mean_pct":-0.15,"profit_total_abs":-1.452998680000002,"profit_total":-0.001452998680000002,"profit_total_pct":-0.15,"duration_avg":"1 day, 4:43:00","wins":2,"draws":0,"losses":3,"winrate":0.4,"cagr":-0.08465572819065303,"expectancy":-0.2905997359999999,"expectancy_ratio":-0.040673761119791485,"sortino":-1.0703691266524713,"sharpe":-0.5119268323100159,"calmar":-22.678112718622653,"sqn":-0.0643,"profit_factor":0.9322103981336809,"max_drawdown_account":0.020401095650000003,"max_drawdown_abs":20.401095650000002}],"mix_tag_stats":[{"key":["long_entry","roi"],"trades":2,"profit_mean":0.049930106363132803,"profit_mean_pct":4.99,"profit_total_abs":19.98094753,"profit_total":0.01998094753,"profit_total_pct":2.0,"duration_avg":"1 day, 9:30:00","wins":2,"draws":0,"losses":0,"winrate":1.0,"cagr":2.331836046290711,"expectancy":9.990473765,"expectancy_ratio":100.0,"sortino":-100,"sharpe":1258.727025090569,"calmar":-100,"sqn":197.6544,"profit_factor":0.0,"max_drawdown_account":0.0,"max_drawdown_abs":0.0},{"key":["long_entry","force_exit"],"trades":1,"profit_mean":-0.005162002332167249,"profit_mean_pct":-0.52,"profit_total_abs":-1.03285056,"profit_total":-0.00103285056,"profit_total_pct":-0.1,"duration_avg":"1:10:00","wins":0,"draws":0,"losses":1,"winrate":0.0,"cagr":-0.060929021017594676,"expectancy":-1.03285056,"expectancy_ratio":-1.0,"sortino":-100,"sharpe":-100,"calmar":-318.41621957570027,"sqn":-100.0,"profit_factor":0.0,"max_drawdown_account":0.0010328505600000425,"max_drawdown_abs":1.03285056},{"key":["long_entry","stop_loss"],"trades":2,"profit_mean":-0.05097882014271822,"profit_mean_pct":-5.1,"profit_total_abs":-20.401095650000002,"profit_total":-0.020401095650000003,"profit_total_pct":-2.04,"duration_avg":"1 day, 13:42:00","wins":0,"draws":0,"losses":2,"winrate":0.0,"cagr":-0.7146107009651601,"expectancy":-10.200547825000001,"expectancy_ratio":-1.0,"sortino":-670.1341722003731,"sharpe":-670.1341722003731,"calmar":-318.4162195757133,"sqn":-105.2293,"profit_factor":0.0,"max_drawdown_account":0.020401095650000003,"max_drawdown_abs":20.401095650000002},{"key":"TOTAL","trades":5,"profit_mean":-0.0014518859782676151,"profit_mean_pct":-0.15,"profit_total_abs":-1.452998680000002,"profit_total":-0.001452998680000002,"profit_total_pct":-0.15,"duration_avg":"1 day, 4:43:00","wins":2,"draws":0,"losses":3,"winrate":0.4,"cagr":-0.08465572819065303,"expectancy":-0.2905997359999999,"expectancy_ratio":-0.040673761119791485,"sortino":-1.0703691266524713,"sharpe":-0.5119268323100159,"calmar":-22.678112718622653,"sqn":-0.0643,"profit_factor":0.9322103981336809,"max_drawdown_account":0.020401095650000003,"max_drawdown_abs":20.401095650000002}],"left_open_trades":[{"key":"ALGO/USDT:USDT","trades":1,"profit_mean":-0.005162002332167249,"profit_mean_pct":-0.52,"profit_total_abs":-1.03285056,"profit_total":-0.00103285056,"profit_total_pct":-0.1,"duration_avg":"1:10:00","wins":0,"draws":0,"losses":1,"winrate":0.0,"cagr":-0.060929021017594676,"expectancy":-1.03285056,"expectancy_ratio":-1.0,"sortino":-100,"sharpe":-100,"calmar":-318.41621957570027,"sqn":-100.0,"profit_factor":0.0,"max_drawdown_account":0.0010328505600000425,"max_drawdown_abs":1.03285056},{"key":"TOTAL","trades":1,"profit_mean":-0.005162002332167249,"profit_mean_pct":-0.52,"profit_total_abs":-1.03285056,"profit_total":-0.00103285056,"profit_total_pct":-0.1,"duration_avg":"1:10:00","wins":0,"draws":0,"losses":1,"winrate":0.0,"cagr":-0.060929021017594676,"expectancy":-1.03285056,"expectancy_ratio":-1.0,"sortino":-100,"sharpe":-100,"calmar":-318.41621957570027,"sqn":-100.0,"profit_factor":0.0,"max_drawdown_account":0.0010328505600000425,"max_drawdown_abs":1.03285056}],"total_trades":5,"trade_count_long":5,"trade_count_short":0,"total_volume":2000.5835538119309,"avg_stake_amount":199.99063,"profit_mean":-0.0014518859782676151,"profit_median":-0.005162002332167249,"profit_total":-0.001452998680000002,"profit_total_long":-0.001452998680000002,"profit_total_short":0.0,"profit_total_abs":-1.452998680000002,"profit_total_long_abs":-1.452998680000002,"profit_total_short_abs":0.0,"cagr":-0.08465572819065303,"expectancy":-0.2905997359999999,"expectancy_ratio":-0.040673761119791485,"sortino":-1.0703691266524713,"sharpe":-0.5119268323100159,"calmar":-22.678112718622653,"sqn":-0.0643,"profit_factor":0.9322103981336809,"backtest_start":"2025-11-28 00:00:00","backtest_start_ts":1764288000000,"backtest_end":"2025-12-04 00:00:00","backtest_end_ts":1764806400000,"backtest_days":6,"backtest_run_start_ts":1764873853,"backtest_run_end_ts":1764874037,"trades_per_day":0.83,"market_change":-0.012246213120520544,"pairlist":["1INCH/USDT:USDT","ALGO/USDT:USDT"],"stake_amount":200,"stake_currency":"USDT","stake_currency_decimals":3,"starting_balance":1000,"dry_run_wallet":1000,"final_balance":998.54700132,"rejected_signals":0,"timedout_entry_orders":0,"timedout_exit_orders":0,"canceled_trade_entries":0,"canceled_entry_orders":0,"replaced_entry_orders":0,"max_open_trades":2,"max_open_trades_setting":5,"timeframe":"5m","timeframe_detail":"","timerange":"20251128-20251204","enable_protections":false,"strategy_name":"RLSentimentStrategy","freqaimodel":"ExtendedMDPLearner","freqai_identifier":"grad_project_success","stoploss":-0.05,"trailing_stop":false,"trailing_stop_positive":null,"trailing_stop_positive_offset":0.0,"trailing_only_offset_is_reached":false,"use_custom_stoploss":false,"minimal_roi":{"0":0.1,"20":0.05},"use_exit_signal":true,"exit_profit_only":false,"exit_profit_offset":0.0,"ignore_roi_if_entry_signal":false,"trading_mode":"futures","margin_mode":"isolated","periodic_breakdown":{"day":[{"date":"30/11/2025","date_ts":1764460800000,"profit_abs":-10.29748423,"wins":0,"draws":0,"losses":1,"trades":1,"profit_factor":0.0},{"date":"01/12/2025","date_ts":1764547200000,"profit_abs":-10.10361142,"wins":0,"draws":0,"losses":1,"trades":1,"profit_factor":0.0},{"date":"02/12/2025","date_ts":1764633600000,"profit_abs":10.04101894,"wins":1,"draws":0,"losses":0,"trades":1,"profit_factor":0.0},{"date":"03/12/2025","date_ts":1764720000000,"profit_abs":9.93992859,"wins":1,"draws":0,"losses":0,"trades":1,"profit_factor":0.0},{"date":"04/12/2025","date_ts":1764806400000,"profit_abs":-1.03285056,"wins":0,"draws":0,"losses":1,"trades":1,"profit_factor":0.0}],"week":[{"date":"01/12/2025","date_ts":1764547200000,"profit_abs":-20.40109565,"wins":0,"draws":0,"losses":2,"trades":2,"profit_factor":0.0},{"date":"08/12/2025","date_ts":1765152000000,"profit_abs":18.94809697,"wins":2,"draws":0,"losses":1,"trades":3,"profit_factor":19.34543902}],"month":[{"date":"30/11/2025","date_ts":1764460800000,"profit_abs":-10.29748423,"wins":0,"draws":0,"losses":1,"trades":1,"profit_factor":0.0},{"date":"31/12/2025","date_ts":1767139200000,"profit_abs":8.84448555,"wins":2,"draws":0,"losses":2,"trades":4,"profit_factor":1.79419169}],"year":[{"date":"31/12/2025","date_ts":1767139200000,"profit_abs":-1.45299868,"wins":2,"draws":0,"losses":3,"trades":5,"profit_factor":0.9322104}],"weekday":[{"date":"Monday","date_ts":0,"profit_abs":-10.10361142,"wins":0,"draws":0,"losses":1,"trades":1,"profit_factor":0.0},{"date":"Tuesday","date_ts":1,"profit_abs":10.04101894,"wins":1,"draws":0,"losses":0,"trades":1,"profit_factor":0.0},{"date":"Wednesday","date_ts":2,"profit_abs":9.93992859,"wins":1,"draws":0,"losses":0,"trades":1,"profit_factor":0.0},{"date":"Thursday","date_ts":3,"profit_abs":-1.03285056,"wins":0,"draws":0,"losses":1,"trades":1,"profit_factor":0.0},{"date":"Sunday","date_ts":6,"profit_abs":-10.29748423,"wins":0,"draws":0,"losses":1,"trades":1,"profit_factor":0.0}]},"backtest_best_day":0.05018321642350228,"backtest_worst_day":-0.051461741766589346,"backtest_best_day_abs":10.04101894,"backtest_worst_day_abs":-10.29748423,"winning_days":2,"draw_days":0,"losing_days":3,"daily_profit":[["2025-11-30",-10.29748423],["2025-12-01",-10.10361142],["2025-12-02",10.04101894],["2025-12-03",9.93992859],["2025-12-04",-1.03285056]],"wins":2,"losses":3,"draws":0,"winrate":0.4,"holding_avg":"1 day, 4:43:00","holding_avg_s":103380.0,"winner_holding_min":"1d 07:30","winner_holding_min_s":113400.0,"winner_holding_max":"1d 11:30","winner_holding_max_s":127800.0,"winner_holding_avg":"1d 09:30","winner_holding_avg_s":120600.0,"loser_holding_min":"0d 01:10","loser_holding_min_s":4200.0,"loser_holding_max":"2d 23:25","loser_holding_max_s":257100.0,"loser_holding_avg":"1d 01:32","loser_holding_avg_s":91920.0,"max_consecutive_wins":2,"max_consecutive_losses":2,"max_drawdown_account":0.020401095650000003,"max_relative_drawdown":0.020401095650000003,"max_drawdown_abs":20.401095650000002,"drawdown_start":"2025-11-30 23:30:00","drawdown_start_ts":1764545400000.0,"drawdown_end":"2025-12-01 03:35:00","drawdown_end_ts":1764560100000.0,"drawdown_duration":"0 days 04:05:00","drawdown_duration_s":14700.0,"max_drawdown_low":-20.401095650000002,"max_drawdown_high":0.0,"csum_min":979.59890435,"csum_max":999.57985188}},"strategy_comparison":[{"key":"RLSentimentStrategy","trades":5,"profit_mean":-0.0014518859782676151,"profit_mean_pct":-0.15,"profit_total_abs":-1.452998680000002,"profit_total":-0.001452998680000002,"profit_total_pct":-0.15,"duration_avg":"1 day, 4:43:00","wins":2,"draws":0,"losses":3,"winrate":0.4,"cagr":-0.08465572819065303,"expectancy":-0.2905997359999999,"expectancy_ratio":-0.040673761119791485,"sortino":-1.0703691266524713,"sharpe":-0.5119268323100159,"calmar":-22.678112718622653,"sqn":-0.0643,"profit_factor":0.9322103981336809,"max_drawdown_account":0.020401095650000003,"max_drawdown_abs":"20.401"}]}