{"strategy":{"RLSentimentStrategy":{"trades":[{"pair":"DOGE/USDT:USDT","stake_amount":199.8667,"max_stake_amount":199.8667,"amount":1310.0,"open_date":"2025-11-28 00:05:00+00:00","close_date":"2025-12-01 00:05:00+00:00","open_rate":0.15257,"close_rate":0.14495,"fee_open":0.0005,"fee_close":0.0005,"trade_duration":4320,"profit_ratio":-0.05096553879647542,"profit_abs":-10.19140721,"exit_reason":"stop_loss","initial_stop_loss_abs":0.14495,"initial_stop_loss_ratio":-0.05,"stop_loss_abs":0.14495,"stop_loss_ratio":-0.05,"min_rate":0.1418,"max_rate":0.15548,"is_open":false,"enter_tag":"long_entry","leverage":1.0,"is_short":false,"open_timestamp":1764288300000,"close_timestamp":1764547500000,"orders":[{"amount":1310.0,"safe_price":0.15257,"ft_order_side":"buy","order_filled_timestamp":1764288300000,"ft_is_entry":true,"ft_order_tag":"long_entry","cost":199.96663335},{"amount":1310.0,"safe_price":0.14495,"ft_order_side":"sell","order_filled_timestamp":1764547500000,"ft_is_entry":false,"ft_order_tag":"stop_loss","cost":189.97944225}],"funding_fees":-0.014331605078011001,"weekday":0},{"pair":"ETH/USDT:USDT","stake_amount":198.78936,"max_stake_amount":198.78936,"amount":0.066,"open_date":"2025-11-28 00:05:00+00:00","close_date":"2025-12-01 00:30:00+00:00","open_rate":3011.96,"close_rate":2861.362,"fee_open":0.0005,"fee_close":0.0005,"trade_duration":4345,"profit_ratio":-0.051205150871328285,"profit_abs":-10.18412869,"exit_reason":"stop_loss","initial_stop_loss_abs":2861.362,"initial_stop_loss_ratio":-0.05,"stop_loss_abs":2861.362,"stop_loss_ratio":-0.05,"min_rate":2861.0,"max_rate":3099.0,"is_open":false,"enter_tag":"long_entry","leverage":1.0,"is_short":false,"open_timestamp":1764288300000,"close_timestamp":1764549000000,"orders":[{"amount":0.066,"safe_price":3011.96,"ft_order_side":"buy","order_filled_timestamp":1764288300000,"ft_is_entry":true,"ft_order_tag":"long_entry","cost":198.88875468},{"amount":0.066,"safe_price":2861.362,"ft_order_side":"sell","order_filled_timestamp":1764549000000,"ft_is_entry":false,"ft_order_tag":"stop_loss","cost":188.94431694600001}],"funding_fees":-0.05084106653410415,"weekday":0},{"pair":"BTC/USDT:USDT","stake_amount":181.6266,"max_stake_amount":181.6266,"amount":0.002,"open_date":"2025-11-28 01:20:00+00:00","close_date":"2025-12-01 03:30:00+00:00","open_rate":90813.3,"close_rate":86272.635,"fee_open":0.0005,"fee_close":0.0005,"trade_duration":4450,"profit_ratio":-0.051187700898227564,"profit_abs":-9.3016966,"exit_reason":"stop_loss","initial_stop_loss_abs":86272.635,"initial_stop_loss_ratio":-0.05,"stop_loss_abs":86272.635,"stop_loss_ratio":-0.05,"min_rate":86206.7,"max_rate":93080.0,"is_open":false,"enter_tag":"long_entry","leverage":1.0,"is_short":false,"open_timestamp":1764292800000,"close_timestamp":1764559800000,"orders":[{"amount":0.002,"safe_price":90813.3,"ft_order_side":"buy","order_filled_timestamp":1764292800000,"ft_is_entry":true,"ft_order_tag":"long_entry","cost":181.71741329999998},{"amount":0.002,"safe_price":86272.635,"ft_order_side":"sell","order_filled_timestamp":1764559800000,"ft_is_entry":false,"ft_order_tag":"stop_loss","cost":172.631542635}],"funding_fees":-0.043280665572948816,"weekday":0},{"pair":"DOGE/USDT:USDT","stake_amount":199.89716,"max_stake_amount":199.89716,"amount":1402.0,"open_date":"2025-12-01 00:10:00+00:00","close_date":"2025-12-01 12:45:00+00:00","open_rate":0.14258,"close_rate":0.13546,"fee_open":0.0005,"fee_close":0.0005,"trade_duration":755,"profit_ratio":-0.0507974929344351,"profit_abs":-10.15935171,"exit_reason":"stop_loss","initial_stop_loss_abs":0.13546,"initial_stop_loss_ratio":-0.05,"stop_loss_abs":0.13546,"stop_loss_ratio":-0.05,"min_rate":0.13421,"max_rate":0.14346,"is_open":false,"enter_tag":"long_entry","leverage":1.0,"is_short":false,"open_timestamp":1764547800000,"close_timestamp":1764593100000,"orders":[{"amount":1402.0,"safe_price":0.14258,"ft_order_side":"buy","order_filled_timestamp":1764547800000,"ft_is_entry":true,"ft_order_tag":"long_entry","cost":199.99710858},{"amount":1402.0,"safe_price":0.13546,"ft_order_side":"sell","order_filled_timestamp":1764593100000,"ft_is_entry":false,"ft_order_tag":"stop_loss","cost":190.00987745999998}],"funding_fees":0.01779433420327,"weekday":0},{"pair":"ETH/USDT:USDT","stake_amount":198.2991,"max_stake_amount":198.2991,"amount":0.069,"open_date":"2025-12-01 00:35:00+00:00","close_date":"2025-12-01 15:30:00+00:00","open_rate":2873.9,"close_rate":2730.205,"fee_open":0.0005,"fee_close":0.0005,"trade_duration":895,"profit_ratio":-0.05102610427744069,"profit_abs":-10.12348977,"exit_reason":"stop_loss","initial_stop_loss_abs":2730.205,"initial_stop_loss_ratio":-0.05,"stop_loss_abs":2730.205,"stop_loss_ratio":-0.05,"min_rate":2727.75,"max_rate":2882.61,"is_open":false,"enter_tag":"long_entry","leverage":1.0,"is_short":false,"open_timestamp":1764549300000,"close_timestamp":1764603000000,"orders":[{"amount":0.069,"safe_price":2873.9,"ft_order_side":"buy","order_filled_timestamp":1764549300000,"ft_is_entry":true,"ft_order_tag":"long_entry","cost":198.39824955},{"amount":0.069,"safe_price":2730.205,"ft_order_side":"sell","order_filled_timestamp":1764603000000,"ft_is_entry":false,"ft_order_tag":"stop_loss","cost":188.4783370725}],"funding_fees":-0.015193145119845979,"weekday":0},{"pair":"ETH/USDT:USDT","stake_amount":197.45856,"max_stake_amount":197.45856,"amount":0.072,"open_date":"2025-12-01 15:35:00+00:00","close_date":"2025-12-02 14:40:00+00:00","open_rate":2742.48,"close_rate":2882.4164482241117,"fee_open":0.0005,"fee_close":0.0005,"trade_duration":1385,"profit_ratio":0.049872778300959694,"profit_abs":9.85273089,"exit_reason":"roi","initial_stop_loss_abs":2605.3559999999998,"initial_stop_loss_ratio":-0.05,"stop_loss_abs":2605.3559999999998,"stop_loss_ratio":-0.05,"min_rate":2718.07,"max_rate":2888.0,"is_open":false,"enter_tag":"long_entry","leverage":1.0,"is_short":false,"open_timestamp":1764603300000,"close_timestamp":1764686400000,"orders":[{"amount":0.072,"safe_price":2742.48,"ft_order_side":"buy","order_filled_timestamp":1764603300000,"ft_is_entry":true,"ft_order_tag":"long_entry","cost":197.55728927999996},{"amount":0.072,"safe_price":2882.4164482241117,"ft_order_side":"sell","order_filled_timestamp":1764686400000,"ft_is_entry":false,"ft_order_tag":"roi","cost":207.63775126427208}],"funding_fees":-0.02019710614315615,"weekday":1},{"pair":"DOGE/USDT:USDT","stake_amount":199.91158,"max_stake_amount":199.91158,"amount":1486.0,"open_date":"2025-12-01 12:50:00+00:00","close_date":"2025-12-02 14:55:00+00:00","open_rate":0.13453,"close_rate":0.14139446223111554,"fee_open":0.0005,"fee_close":0.0005,"trade_duration":1565,"profit_ratio":0.050197610254548004,"profit_abs":10.04010112,"exit_reason":"roi","initial_stop_loss_abs":0.12781,"initial_stop_loss_ratio":-0.05,"stop_loss_abs":0.12781,"stop_loss_ratio":-0.05,"min_rate":0.13165,"max_rate":0.14171,"is_open":false,"enter_tag":"long_entry","leverage":1.0,"is_short":false,"open_timestamp":1764593400000,"close_timestamp":1764687300000,"orders":[{"amount":1486.0,"safe_price":0.13453,"ft_order_side":"buy","order_filled_timestamp":1764593400000,"ft_is_entry":true,"ft_order_tag":"long_entry","cost":200.01153579},{"amount":1486.0,"safe_price":0.14139446223111554,"ft_order_side":"sell","order_filled_timestamp":1764687300000,"ft_is_entry":false,"ft_order_tag":"roi","cost":210.2172269608754}],"funding_fees":0.04452212341584479,"weekday":1},{"pair":"BTC/USDT:USDT","stake_amount":172.479,"max_stake_amount":172.479,"amount":0.002,"open_date":"2025-12-01 03:35:00+00:00","close_date":"2025-12-02 15:10:00+00:00","open_rate":86239.5,"close_rate":90639.91470735367,"fee_open":0.0005,"fee_close":0.0005,"trade_duration":2135,"profit_ratio":0.049912221922306675,"profit_abs":8.61311453,"exit_reason":"roi","initial_stop_loss_abs":81927.525,"initial_stop_loss_ratio":-0.05,"stop_loss_abs":81927.525,"stop_loss_ratio":-0.05,"min_rate":83786.0,"max_rate":90882.4,"is_open":false,"enter_tag":"long_entry","leverage":1.0,"is_short":false,"open_timestamp":1764560100000,"close_timestamp":1764688200000,"orders":[{"amount":0.002,"safe_price":86239.5,"ft_order_side":"buy","order_filled_timestamp":1764560100000,"ft_is_entry":true,"ft_order_tag":"long_entry","cost":172.5652395},{"amount":0.002,"safe_price":90639.91470735367,"ft_order_side":"sell","order_filled_timestamp":1764688200000,"ft_is_entry":false,"ft_order_tag":"roi","cost":181.37046932941468}],"funding_fees":-0.010835469291049922,"weekday":1},{"pair":"ETH/USDT:USDT","stake_amount":199.13331,"max_stake_amount":199.13331,"amount":0.069,"open_date":"2025-12-02 14:45:00+00:00","close_date":"2025-12-02 17:25:00+00:00","open_rate":2885.99,"close_rate":3033.2491195597795,"fee_open":0.0005,"fee_close":0.0005,"trade_duration":160,"profit_ratio":0.04993184607391122,"profit_abs":9.94806533,"exit_reason":"roi","initial_stop_loss_abs":2741.6904999999997,"initial_stop_loss_ratio":-0.05,"stop_loss_abs":2741.6904999999997,"stop_loss_ratio":-0.05,"min_rate":2882.29,"max_rate":3034.94,"is_open":false,"enter_tag":"long_entry","leverage":1.0,"is_short":false,"open_timestamp":1764686700000,"close_timestamp":1764696300000,"orders":[{"amount":0.069,"safe_price":2885.99,"ft_order_side":"buy","order_filled_timestamp":1764686700000,"ft_is_entry":true,"ft_order_tag":"long_entry","cost":199.23287665499998},{"amount":0.069,"safe_price":3033.2491195597795,"ft_order_side":"sell","order_filled_timestamp":1764696300000,"ft_is_entry":false,"ft_order_tag":"roi","cost":209.3988363442496}],"funding_fees":-0.008600170936500002,"weekday":1},{"pair":"DOGE/USDT:USDT","stake_amount":199.91048,"max_stake_amount":199.91048,"amount":1411.0,"open_date":"2025-12-02 15:00:00+00:00","close_date":"2025-12-03 04:50:00+00:00","open_rate":0.14168,"close_rate":0.14890929464732364,"fee_open":0.0005,"fee_close":0.0005,"trade_duration":830,"profit_ratio":0.04987935953456106,"profit_abs":9.97639241,"exit_reason":"roi","initial_stop_loss_abs":0.1346,"initial_stop_loss_ratio":-0.05,"stop_loss_abs":0.1346,"stop_loss_ratio":-0.05,"min_rate":0.14164,"max_rate":0.14902,"is_open":false,"enter_tag":"long_entry","leverage":1.0,"is_short":false,"open_timestamp":1764687600000,"close_timestamp":1764737400000,"orders":[{"amount":1411.0,"safe_price":0.14168,"ft_order_side":"buy","order_filled_timestamp":1764687600000,"ft_is_entry":true,"ft_order_tag":"long_entry","cost":200.01043524},{"amount":1411.0,"safe_price":0.14890929464732364,"ft_order_side":"sell","order_filled_timestamp":1764737400000,"ft_is_entry":false,"ft_order_tag":"roi","cost":210.2160702547473}],"funding_fees":-0.019131592199803,"weekday":2},{"pair":"ETH/USDT:USDT","stake_amount":199.65066,"max_stake_amount":199.65066,"amount":0.066,"open_date":"2025-12-02 17:30:00+00:00","close_date":"2025-12-03 22:45:00+00:00","open_rate":3025.01,"close_rate":3179.3626863431714,"fee_open":0.0005,"fee_close":0.0005,"trade_duration":1755,"profit_ratio":0.04986623193202331,"profit_abs":9.96080403,"exit_reason":"roi","initial_stop_loss_abs":2873.7595,"initial_stop_loss_ratio":-0.05,"stop_loss_abs":2873.7595,"stop_loss_ratio":-0.05,"min_rate":2970.04,"max_rate":3198.0,"is_open":false,"enter_tag":"long_entry","leverage":1.0,"is_short":false,"open_timestamp":1764696600000,"close_timestamp":1764801900000,"orders":[{"amount":0.066,"safe_price":3025.01,"ft_order_side":"buy","order_filled_timestamp":1764696600000,"ft_is_entry":true,"ft_order_tag":"long_entry","cost":199.75048533},{"amount":0.066,"safe_price":3179.3626863431714,"ft_order_side":"sell","order_filled_timestamp":1764801900000,"ft_is_entry":false,"ft_order_tag":"roi","cost":209.94285626729862}],"funding_fees":-0.021728968232400003,"weekday":2},{"pair":"BTC/USDT:USDT","stake_amount":182.431,"max_stake_amount":182.431,"amount":0.002,"open_date":"2025-12-02 20:25:00+00:00","close_date":"2025-12-04 00:00:00+00:00","open_rate":91215.5,"close_rate":93376.8,"fee_open":0.0005,"fee_close":0.0005,"trade_duration":1655,"profit_ratio":0.022654679205337612,"profit_abs":4.13498224,"exit_reason":"force_exit","initial_stop_loss_abs":86654.72499999999,"initial_stop_loss_ratio":-0.05,"stop_loss_abs":86654.72499999999,"stop_loss_ratio":-0.05,"min_rate":90643.5,"max_rate":94185.0,"is_open":false,"enter_tag":"long_entry","leverage":1.0,"is_short":false,"open_timestamp":1764707100000,"close_timestamp":1764806400000,"orders":[{"amount":0.002,"safe_price":91215.5,"ft_order_side":"buy","order_filled_timestamp":1764707100000,"ft_is_entry":true,"ft_order_tag":"long_entry","cost":182.52221550000002},{"amount":0.002,"safe_price":93376.8,"ft_order_side":"sell","order_filled_timestamp":1764806400000,"ft_is_entry":false,"ft_order_tag":"force_exit","cost":186.8469768}],"funding_fees":-0.0030254583122305227,"weekday":3},{"pair":"ETH/USDT:USDT","stake_amount":197.46628,"max_stake_amount":197.46628,"amount":0.062,"open_date":"2025-12-03 22:50:00+00:00","close_date":"2025-12-04 00:00:00+00:00","open_rate":3184.94,"close_rate":3187.08,"fee_open":0.0005,"fee_close":0.0005,"trade_duration":70,"profit_ratio":-0.0003282596395447996,"profit_abs":-0.06485262,"exit_reason":"force_exit","initial_stop_loss_abs":3025.6929999999998,"initial_stop_loss_ratio":-0.05,"stop_loss_abs":3025.6929999999998,"stop_loss_ratio":-0.05,"min_rate":3176.69,"max_rate":3216.53,"is_open":false,"enter_tag":"long_entry","leverage":1.0,"is_short":false,"open_timestamp":1764802200000,"close_timestamp":1764806400000,"orders":[{"amount":0.062,"safe_price":3184.94,"ft_order_side":"buy","order_filled_timestamp":1764802200000,"ft_is_entry":true,"ft_order_tag":"long_entry","cost":197.56501314},{"amount":0.062,"safe_price":3187.08,"ft_order_side":"sell","order_filled_timestamp":1764806400000,"ft_is_entry":false,"ft_order_tag":"force_exit","cost":197.69775948}],"funding_fees":0.0,"weekday":3},{"pair":"DOGE/USDT:USDT","stake_amount":199.94458,"max_stake_amount":199.94458,"amount":1342.0,"open_date":"2025-12-03 04:55:00+00:00","close_date":"2025-12-04 00:00:00+00:00","open_rate":0.14899,"close_rate":0.1516,"fee_open":0.0005,"fee_close":0.0005,"trade_duration":1145,"profit_ratio":0.016370178905210316,"profit_abs":3.27476511,"exit_reason":"force_exit","initial_stop_loss_abs":0.14155,"initial_stop_loss_ratio":-0.05,"stop_loss_abs":0.14155,"stop_loss_ratio":-0.05,"min_rate":0.14641,"max_rate":0.15337,"is_open":false,"enter_tag":"long_entry","leverage":1.0,"is_short":false,"open_timestamp":1764737700000,"close_timestamp":1764806400000,"orders":[{"amount":1342.0,"safe_price":0.14899,"ft_order_side":"buy","order_filled_timestamp":1764737700000,"ft_is_entry":true,"ft_order_tag":"long_entry","cost":200.04455228999998},{"amount":1342.0,"safe_price":0.1516,"ft_order_side":"sell","order_filled_timestamp":1764806400000,"ft_is_entry":false,"ft_order_tag":"force_exit","cost":203.5489236}],"funding_fees":-0.026159003363895598,"weekday":3}],"locks":[],"best_pair":{"key":"ETH/USDT:USDT","trades":6,"profit_mean":0.007851890253096742,"profit_mean_pct":0.79,"profit_total_abs":9.38912917,"profit_total":0.00938912917,"profit_total_pct":0.94,"duration_avg":"23:55:00","wins":3,"draws":0,"losses":3,"winrate":0.5,"cagr":0.7656295057392228,"expectancy":1.5648548616666664,"expectancy_ratio":0.23043667930930245,"sortino":6.286003450272549,"sharpe":3.319202576754133,"calmar":147.21819898813783,"sqn":0.3885,"profit_factor":1.4608733586186051,"max_drawdown_account":0.020307618459999958,"max_drawdown_abs":20.30761846},"worst_pair":{"key":"SOL/USDT:USDT","trades":0,"profit_mean":0.0,"profit_mean_pct":0.0,"profit_total_abs":0.0,"profit_total":0.0,"profit_total_pct":0.0,"duration_avg":"0:00","wins":0,"draws":0,"losses":0,"winrate":0.0,"cagr":0.0,"expectancy":0.0,"expectancy_ratio":100.0,"sortino":0,"sharpe":0,"calmar":0,"sqn":0.0,"profit_factor":0.0,"max_drawdown_account":0.0,"max_drawdown_abs":0.0},"results_per_pair":[{"key":"ETH/USDT:USDT","trades":6,"profit_mean":0.007851890253096742,"profit_mean_pct":0.79,"profit_total_abs":9.38912917,"profit_total":0.00938912917,"profit_total_pct":0.94,"duration_avg":"23:55:00","wins":3,"draws":0,"losses":3,"winrate":0.5,"cagr":0.7656295057392228,"expectancy":1.5648548616666664,"expectancy_ratio":0.23043667930930245,"sortino":6.286003450272549,"sharpe":3.319202576754133,"calmar":147.21819898813783,"sqn":0.3885,"profit_factor":1.4608733586186051,"max_drawdown_account":0.020307618459999958,"max_drawdown_abs":20.30761846},{"key":"BTC/USDT:USDT","trades":3,"profit_mean":0.007126400076472241,"profit_mean_pct":0.71,"profit_total_abs":3.4464001700000013,"profit_total":0.003446400170000001,"profit_total_pct":0.34,"duration_avg":"1 day, 21:47:00","wins":2,"draws":0,"losses":1,"winrate":0.6666666666666666,"cagr":0.2328093126046784,"expectancy":1.148800056666667,"expectancy_ratio":0.12350435690051054,"sortino":-100,"sharpe":1.4415807269841634,"calmar":117.97737127617069,"sqn":0.2134,"profit_factor":1.370513070701532,"max_drawdown_account":0.009301696600000013,"max_drawdown_abs":9.3016966},{"key":"DOGE/USDT:USDT","trades":5,"profit_mean":0.002936823392681773,"profit_mean_pct":0.29,"profit_total_abs":2.940499720000003,"profit_total":0.0029404997200000033,"profit_total_pct":0.29,"duration_avg":"1 day, 4:43:00","wins":3,"draws":0,"losses":2,"winrate":0.6,"cagr":0.1955638500911021,"expectancy":0.5880999440000005,"expectancy_ratio":0.05779636487384621,"sortino":584.1760724404949,"sharpe":1.0259917487320742,"calmar":46.008250020871735,"sqn":0.1289,"profit_factor":1.1444909121846156,"max_drawdown_account":0.020350758919999976,"max_drawdown_abs":20.350758919999997},{"key":"SOL/USDT:USDT","trades":0,"profit_mean":0.0,"profit_mean_pct":0.0,"profit_total_abs":0.0,"profit_total":0.0,"profit_total_pct":0.0,"duration_avg":"0:00","wins":0,"draws":0,"losses":0,"winrate":0.0,"cagr":0.0,"expectancy":0.0,"expectancy_ratio":100.0,"sortino":0,"sharpe":0,"calmar":0,"sqn":0.0,"profit_factor":0.0,"max_drawdown_account":0.0,"max_drawdown_abs":0.0},{"key":"XRP/USDT:USDT","trades":0,"profit_mean":0.0,"profit_mean_pct":0.0,"profit_total_abs":0.0,"profit_total":0.0,"profit_total_pct":0.0,"duration_avg":"0:00","wins":0,"draws":0,"losses":0,"winrate":0.0,"cagr":0.0,"expectancy":0.0,"expectancy_ratio":100.0,"sortino":0,"sharpe":0,"calmar":0,"sqn":0.0,"profit_factor":0.0,"max_drawdown_account":0.0,"max_drawdown_abs":0.0},{"key":"TOTAL","trades":14,"profit_mean":0.005941047050814717,"profit_mean_pct":0.59,"profit_total_abs":15.776029060000003,"profit_total":0.015776029060000002,"profit_total_pct":1.58,"duration_avg":"1 day, 6:19:00","wins":8,"draws":0,"losses":6,"winrate":0.5714285714285714,"cagr":1.5914483515299667,"expectancy":1.1268592185714281,"expectancy_ratio":0.13515572677379128,"sortino":13.528736887148481,"sharpe":5.720321401094309,"calmar":100.54715962215637,"sqn":0.4627,"profit_factor":1.3153633624721799,"max_drawdown_account":0.04996007397999995,"max_drawdown_abs":49.96007398}],"results_per_enter_tag":[{"key":"long_entry","trades":14,"profit_mean":0.005941047050814717,"profit_mean_pct":0.59,"profit_total_abs":15.776029060000003,"profit_total":0.015776029060000002,"profit_total_pct":1.58,"duration_avg":"1 day, 6:19:00","wins":8,"draws":0,"losses":6,"winrate":0.5714285714285714,"cagr":1.5914483515299667,"expectancy":1.1268592185714281,"expectancy_ratio":0.13515572677379128,"sortino":13.528736887148481,"sharpe":5.720321401094309,"calmar":100.54715962215637,"sqn":0.4627,"profit_factor":1.3153633624721799,"max_drawdown_account":0.04996007397999995,"max_drawdown_abs":49.96007398},{"key":"TOTAL","trades":14,"profit_mean":0.005941047050814717,"profit_mean_pct":0.59,"profit_total_abs":15.776029060000003,"profit_total":0.015776029060000002,"profit_total_pct":1.58,"duration_avg":"1 day, 6:19:00","wins":8,"draws":0,"losses":6,"winrate":0.5714285714285714,"cagr":1.5914483515299667,"expectancy":1.1268592185714281,"expectancy_ratio":0.13515572677379128,"sortino":13.528736887148481,"sharpe":5.720321401094309,"calmar":100.54715962215637,"sqn":0.4627,"profit_factor":1.3153633624721799,"max_drawdown_account":0.04996007397999995,"max_drawdown_abs":49.96007398}],"exit_reason_summary":[{"key":"roi","trades":6,"profit_mean":0.049943341336385,"profit_mean_pct":4.99,"profit_total_abs":58.39120831,"profit_total":0.058391208310000005,"profit_total_pct":5.84,"duration_avg":"21:45:00","wins":6,"draws":0,"losses":0,"winrate":1.0,"cagr":30.572715726659233,"expectancy":9.731868051666668,"expectancy_ratio":100.0,"sortino":-100,"sharpe":369.37899100452364,"calmar":-100,"sqn":43.2325,"profit_factor":0.0,"max_drawdown_account":0.0,"max_drawdown_abs":0.0},{"key":"force_exit","trades":3,"profit_mean":0.01289886615700104,"profit_mean_pct":1.29,"profit_total_abs":7.34489473,"profit_total":0.00734489473,"profit_total_pct":0.73,"duration_avg":"15:57:00","wins":2,"draws":0,"losses":1,"winrate":0.6666666666666666,"cagr":0.5607734782410356,"expectancy":2.4482982433333333,"expectancy_ratio":37.75172449984801,"sortino":-100,"sharpe":12.910952440365085,"calmar":36211.40109778279,"sqn":1.9114,"profit_factor":114.25517349954404,"max_drawdown_account":6.458555985704125e-05,"max_drawdown_abs":0.06485261999999992},{"key":"stop_loss","trades":5,"profit_mean":-0.05103639755558141,"profit_mean_pct":-5.1,"profit_total_abs":-49.96007398,"profit_total":-0.04996007398,"profit_total_pct":-5.0,"duration_avg":"2 days, 1:13:00","wins":0,"draws":0,"losses":5,"winrate":0.0,"cagr":-0.9557449355297943,"expectancy":-9.992014796,"expectancy_ratio":-1.0,"sortino":-459.8055667342391,"sharpe":-459.8055667342391,"calmar":-318.4162195757136,"sqn":-57.7616,"profit_factor":0.0,"max_drawdown_account":0.04996007397999995,"max_drawdown_abs":49.96007398},{"key":"TOTAL","trades":14,"profit_mean":0.005941047050814717,"profit_mean_pct":0.59,"profit_total_abs":15.776029060000003,"profit_total":0.015776029060000002,"profit_total_pct":1.58,"duration_avg":"1 day, 6:19:00","wins":8,"draws":0,"losses":6,"winrate":0.5714285714285714,"cagr":1.5914483515299667,"expectancy":1.1268592185714281,"expectancy_ratio":0.13515572677379128,"sortino":13.528736887148481,"sharpe":5.720321401094309,"calmar":100.54715962215637,"sqn":0.4627,"profit_factor":1.3153633624721799,"max_drawdown_account":0.04996007397999995,"max_drawdown_abs":49.96007398}],"mix_tag_stats":[{"key":["long_entry","roi"],"trades":6,"profit_mean":0.049943341336385,"profit_mean_pct":4.99,"profit_total_abs":58.39120831,"profit_total":0.058391208310000005,"profit_total_pct":5.84,"duration_avg":"21:45:00","wins":6,"draws":0,"losses":0,"winrate":1.0,"cagr":30.572715726659233,"expectancy":9.731868051666668,"expectancy_ratio":100.0,"sortino":-100,"sharpe":369.37899100452364,"calmar":-100,"sqn":43.2325,"profit_factor":0.0,"max_drawdown_account":0.0,"max_drawdown_abs":0.0},{"key":["long_entry","force_exit"],"trades":3,"profit_mean":0.01289886615700104,"profit_mean_pct":1.29,"profit_total_abs":7.34489473,"profit_total":0.00734489473,"profit_total_pct":0.73,"duration_avg":"15:57:00","wins":2,"draws":0,"losses":1,"winrate":0.6666666666666666,"cagr":0.5607734782410356,"expectancy":2.4482982433333333,"expectancy_ratio":37.75172449984801,"sortino":-100,"sharpe":12.910952440365085,"calmar":36211.40109778279,"sqn":1.9114,"profit_factor":114.25517349954404,"max_drawdown_account":6.458555985704125e-05,"max_drawdown_abs":0.06485261999999992},{"key":["long_entry","stop_loss"],"trades":5,"profit_mean":-0.05103639755558141,"profit_mean_pct":-5.1,"profit_total_abs":-49.96007398,"profit_total":-0.04996007398,"profit_total_pct":-5.0,"duration_avg":"2 days, 1:13:00","wins":0,"draws":0,"losses":5,"winrate":0.0,"cagr":-0.9557449355297943,"expectancy":-9.992014796,"expectancy_ratio":-1.0,"sortino":-459.8055667342391,"sharpe":-459.8055667342391,"calmar":-318.4162195757136,"sqn":-57.7616,"profit_factor":0.0,"max_drawdown_account":0.04996007397999995,"max_drawdown_abs":49.96007398},{"key":"TOTAL","trades":14,"profit_mean":0.005941047050814717,"profit_mean_pct":0.59,"profit_total_abs":15.776029060000003,"profit_total":0.015776029060000002,"profit_total_pct":1.58,"duration_avg":"1 day, 6:19:00","wins":8,"draws":0,"losses":6,"winrate":0.5714285714285714,"cagr":1.5914483515299667,"expectancy":1.1268592185714281,"expectancy_ratio":0.13515572677379128,"sortino":13.528736887148481,"sharpe":5.720321401094309,"calmar":100.54715962215637,"sqn":0.4627,"profit_factor":1.3153633624721799,"max_drawdown_account":0.04996007397999995,"max_drawdown_abs":49.96007398}],"left_open_trades":[{"key":"BTC/USDT:USDT","trades":1,"profit_mean":0.022654679205337612,"profit_mean_pct":2.27,"profit_total_abs":4.13498224,"profit_total":0.0041349822400000005,"profit_total_pct":0.41,"duration_avg":"1 day, 3:35:00","wins":1,"draws":0,"losses":0,"winrate":1.0,"cagr":0.28534365141727136,"expectancy":4.13498224,"expectancy_ratio":100.0,"sortino":-100,"sharpe":-100,"calmar":-100,"sqn":-100.0,"profit_factor":0.0,"max_drawdown_account":0.0,"max_drawdown_abs":0.0},{"key":"DOGE/USDT:USDT","trades":1,"profit_mean":0.016370178905210316,"profit_mean_pct":1.64,"profit_total_abs":3.27476511,"profit_total":0.0032747651100000002,"profit_total_pct":0.33,"duration_avg":"19:05:00","wins":1,"draws":0,"losses":0,"winrate":1.0,"cagr":0.22004701751330735,"expectancy":3.27476511,"expectancy_ratio":100.0,"sortino":-100,"sharpe":-100,"calmar":-100,"sqn":-100.0,"profit_factor":0.0,"max_drawdown_account":0.0,"max_drawdown_abs":0.0},{"key":"ETH/USDT:USDT","trades":1,"profit_mean":-0.0003282596395447996,"profit_mean_pct":-0.03,"profit_total_abs":-0.06485262,"profit_total":-6.485262e-05,"profit_total_pct":-0.01,"duration_avg":"1:10:00","wins":0,"draws":0,"losses":1,"winrate":0.0,"cagr":-0.0039375563986099316,"expectancy":-0.06485262,"expectancy_ratio":-1.0,"sortino":-100,"sharpe":-100,"calmar":-318.41621957566144,"sqn":-100.0,"profit_factor":0.0,"max_drawdown_account":6.485262000001057e-05,"max_drawdown_abs":0.06485262},{"key":"TOTAL","trades":3,"profit_mean":0.01289886615700104,"profit_mean_pct":1.29,"profit_total_abs":7.34489473,"profit_total":0.00734489473,"profit_total_pct":0.73,"duration_avg":"15:57:00","wins":2,"draws":0,"losses":1,"winrate":0.6666666666666666,"cagr":0.5607734782410356,"expectancy":2.4482982433333333,"expectancy_ratio":37.75172449984801,"sortino":-100,"sharpe":12.910952440365085,"calmar":36211.40109778279,"sqn":1.9114,"profit_factor":114.25517349954404,"max_drawdown_account":6.458555985704125e-05,"max_drawdown_abs":0.06485261999999992}],"total_trades":14,"trade_count_long":14,"trade_count_short":0,"total_volume":5475.148188849357,"avg_stake_amount":194.7760264285714,"profit_mean":0.005941047050814717,"profit_median":0.019512429055273964,"profit_total":0.015776029060000002,"profit_total_long":0.015776029060000002,"profit_total_short":0.0,"profit_total_abs":15.776029060000003,"profit_total_long_abs":15.776029060000003,"profit_total_short_abs":0.0,"cagr":1.5914483515299667,"expectancy":1.1268592185714281,"expectancy_ratio":0.13515572677379128,"sortino":13.528736887148481,"sharpe":5.720321401094309,"calmar":100.54715962215637,"sqn":0.4627,"profit_factor":1.3153633624721799,"backtest_start":"2025-11-28 00:00:00","backtest_start_ts":1764288000000,"backtest_end":"2025-12-04 00:00:00","backtest_end_ts":1764806400000,"backtest_days":6,"backtest_run_start_ts":1764904964,"backtest_run_end_ts":1764904968,"trades_per_day":2.33,"market_change":0.021482948007584685,"pairlist":["BTC/USDT:USDT","ETH/USDT:USDT","SOL/USDT:USDT","XRP/USDT:USDT","DOGE/USDT:USDT"],"stake_amount":200,"stake_currency":"USDT","stake_currency_decimals":3,"starting_balance":1000,"dry_run_wallet":1000,"final_balance":1015.77602906,"rejected_signals":0,"timedout_entry_orders":0,"timedout_exit_orders":0,"canceled_trade_entries":0,"canceled_entry_orders":0,"replaced_entry_orders":0,"max_open_trades":5,"max_open_trades_setting":5,"timeframe":"5m","timeframe_detail":"","timerange":"20251128-20251204","enable_protections":false,"strategy_name":"RLSentimentStrategy","freqaimodel":"ExtendedMDPLearner","freqai_identifier":"auto_exp_1","stoploss":-0.05,"trailing_stop":false,"trailing_stop_positive":null,"trailing_stop_positive_offset":0.0,"trailing_only_offset_is_reached":false,"use_custom_stoploss":false,"minimal_roi":{"0":0.1,"20":0.05},"use_exit_signal":true,"exit_profit_only":false,"exit_profit_offset":0.0,"ignore_roi_if_entry_signal":false,"trading_mode":"futures","margin_mode":"isolated","periodic_breakdown":{"day":[{"date":"01/12/2025","date_ts":1764547200000,"profit_abs":-49.96007398,"wins":0,"draws":0,"losses":5,"trades":5,"profit_factor":0.0},{"date":"02/12/2025","date_ts":1764633600000,"profit_abs":38.45401187,"wins":4,"draws":0,"losses":0,"trades":4,"profit_factor":0.0},{"date":"03/12/2025","date_ts":1764720000000,"profit_abs":19.93719644,"wins":2,"draws":0,"losses":0,"trades":2,"profit_factor":0.0},{"date":"04/12/2025","date_ts":1764806400000,"profit_abs":7.34489473,"wins":2,"draws":0,"losses":1,"trades":3,"profit_factor":114.2551735}],"week":[{"date":"01/12/2025","date_ts":1764547200000,"profit_abs":-49.96007398,"wins":0,"draws":0,"losses":5,"trades":5,"profit_factor":0.0},{"date":"08/12/2025","date_ts":1765152000000,"profit_abs":65.73610304,"wins":8,"draws":0,"losses":1,"trades":9,"profit_factor":1014.6229352}],"month":[{"date":"31/12/2025","date_ts":1767139200000,"profit_abs":15.77602906,"wins":8,"draws":0,"losses":6,"trades":14,"profit_factor":1.31536336}],"year":[{"date":"31/12/2025","date_ts":1767139200000,"profit_abs":15.77602906,"wins":8,"draws":0,"losses":6,"trades":14,"profit_factor":1.31536336}],"weekday":[{"date":"Monday","date_ts":0,"profit_abs":-49.96007398,"wins":0,"draws":0,"losses":5,"trades":5,"profit_factor":0.0},{"date":"Tuesday","date_ts":1,"profit_abs":38.45401187,"wins":4,"draws":0,"losses":0,"trades":4,"profit_factor":0.0},{"date":"Wednesday","date_ts":2,"profit_abs":19.93719644,"wins":2,"draws":0,"losses":0,"trades":2,"profit_factor":0.0},{"date":"Thursday","date_ts":3,"profit_abs":7.34489473,"wins":2,"draws":0,"losses":1,"trades":3,"profit_factor":114.2551735}]},"backtest_best_day":0.1999144565517256,"backtest_worst_day":-0.25518198777790707,"backtest_best_day_abs":38.45401187,"backtest_worst_day_abs":-49.96007398,"winning_days":3,"draw_days":0,"losing_days":1,"daily_profit":[["2025-12-01",-49.96007398],["2025-12-02",38.45401187],["2025-12-03",19.93719644],["2025-12-04",7.34489473]],"wins":8,"losses":6,"draws":0,"winrate":0.5714285714285714,"holding_avg":"1 day, 6:19:00","holding_avg_s":109140.0,"winner_holding_min":"0d 02:40","winner_holding_min_s":9600.0,"winner_holding_max":"1d 11:35","winner_holding_max_s":128100.0,"winner_holding_avg":"0d 22:09","winner_holding_avg_s":79740.0,"loser_holding_min":"0d 01:10","loser_holding_min_s":4200.0,"loser_holding_max":"3d 02:10","loser_holding_max_s":267000.0,"loser_holding_avg":"1d 17:12","loser_holding_avg_s":148320.0,"max_consecutive_wins":7,"max_consecutive_losses":5,"max_drawdown_account":0.04996007397999995,"max_relative_drawdown":0.04996007397999995,"max_drawdown_abs":49.96007398,"drawdown_start":"2025-12-01 00:05:00","drawdown_start_ts":1764547500000.0,"drawdown_end":"2025-12-01 15:30:00","drawdown_end_ts":1764603000000.0,"drawdown_duration":"0 days 15:25:00","drawdown_duration_s":55500.0,"max_drawdown_low":-49.96007398,"max_drawdown_high":0.0,"csum_min":950.03992602,"csum_max":1015.77602906}},"strategy_comparison":[{"key":"RLSentimentStrategy","trades":14,"profit_mean":0.005941047050814717,"profit_mean_pct":0.59,"profit_total_abs":15.776029060000003,"profit_total":0.015776029060000002,"profit_total_pct":1.58,"duration_avg":"1 day, 6:19:00","wins":8,"draws":0,"losses":6,"winrate":0.5714285714285714,"cagr":1.5914483515299667,"expectancy":1.1268592185714281,"expectancy_ratio":0.13515572677379128,"sortino":13.528736887148481,"sharpe":5.720321401094309,"calmar":100.54715962215637,"sqn":0.4627,"profit_factor":1.3153633624721799,"max_drawdown_account":0.04996007397999995,"max_drawdown_abs":"49.96"}]}